snet id,list,sent,POS tag,word num,identified word,replacement string
11405,"['add', 'owner', 'irresponsible']","She added: ""These owners are irresponsible...",Verb,0,add,"['UNK', 'owner', 'irresponsible']"
11405,"['add', 'owner', 'irresponsible']","She added: ""These owners are irresponsible...",Noun,1,owner,"['add', 'UNK', 'irresponsible']"
11405,"['add', 'owner', 'irresponsible']","She added: ""These owners are irresponsible...",Adjective,,,"['add', 'owner', 'UNK']"
874,"['admit', 'addict', 'tan']",She admits being addicted to tanning when she was 17 and 18.,Verb,1,addict,"['admit', 'UNK', 'tan']"
874,"['admit', 'addict', 'tan']",She admits being addicted to tanning when she was 17 and 18.,Noun,2,tan,"['admit', 'addict', 'UNK']"
874,"['admit', 'addict', 'tan']",She admits being addicted to tanning when she was 17 and 18.,Adjective,,,"['admit', 'UNK', 'tan']"
8040,"['admit', 'hard', 'give', 'call', 'best', 'job', 'world', 'doctor', 'tennant']","David Tennant has admitted it's hard giving up what he calls ""the best job in the world"" as Doctor Who.",Verb,0,admit,"['UNK', 'hard', 'give', 'call', 'best', 'job', 'world', 'doctor', 'tennant']"
8040,"['admit', 'hard', 'give', 'call', 'best', 'job', 'world', 'doctor', 'tennant']","David Tennant has admitted it's hard giving up what he calls ""the best job in the world"" as Doctor Who.",Noun,5,job,"['admit', 'hard', 'give', 'call', 'best', 'UNK', 'world', 'doctor', 'tennant']"
8040,"['admit', 'hard', 'give', 'call', 'best', 'job', 'world', 'doctor', 'tennant']","David Tennant has admitted it's hard giving up what he calls ""the best job in the world"" as Doctor Who.",Adjective,4,best,"['admit', 'hard', 'give', 'call', 'UNK', 'job', 'world', 'doctor', 'tennant']"
4179,"['afraid', 'people', 'get', 'little', 'complacent', 'disease', 'go', 'unsafe', 'sex', 'say']","""I'm afraid people do get a little complacent about the disease by going out and having unsafe sex,"" he said.",Verb,6,go,"['afraid', 'people', 'get', 'little', 'complacent', 'disease', 'UNK', 'unsafe', 'sex', 'say']"
4179,"['afraid', 'people', 'get', 'little', 'complacent', 'disease', 'go', 'unsafe', 'sex', 'say']","""I'm afraid people do get a little complacent about the disease by going out and having unsafe sex,"" he said.",Noun,1,people,"['afraid', 'UNK', 'get', 'little', 'complacent', 'disease', 'go', 'unsafe', 'sex', 'say']"
4179,"['afraid', 'people', 'get', 'little', 'complacent', 'disease', 'go', 'unsafe', 'sex', 'say']","""I'm afraid people do get a little complacent about the disease by going out and having unsafe sex,"" he said.",Adjective,3,little,"['afraid', 'people', 'get', 'UNK', 'complacent', 'disease', 'go', 'unsafe', 'sex', 'say']"
13693,"['also', 'say', 'bother', 'lose', 'weight', 'show', 'cassidy']","""Natalie Cassidy also says she's not bothered about losing weight during the show.",Verb,2,bother,"['also', 'say', 'UNK', 'lose', 'weight', 'show', 'cassidy']"
13693,"['also', 'say', 'bother', 'lose', 'weight', 'show', 'cassidy']","""Natalie Cassidy also says she's not bothered about losing weight during the show.",Noun,4,weight,"['also', 'say', 'bother', 'lose', 'UNK', 'show', 'cassidy']"
13693,"['also', 'say', 'bother', 'lose', 'weight', 'show', 'cassidy']","""Natalie Cassidy also says she's not bothered about losing weight during the show.",Adjective,,,"['also', 'say', 'bother', 'lose', 'weight', 'UNK', 'cassidy']"
15599,"['although', 'punk', 'band', 'long', 'go', 'announce', 'official', 'dissolution', 'immediately', 'set', 'form', 'distillers']","Although her punk band were long gone, she announced the official dissolution of The Distillers in 2007 and immediately set about forming Spinnerette.",Verb,4,go,"['although', 'punk', 'band', 'long', 'UNK', 'announce', 'official', 'dissolution', 'immediately', 'set', 'form', 'distillers']"
15599,"['although', 'punk', 'band', 'long', 'go', 'announce', 'official', 'dissolution', 'immediately', 'set', 'form', 'distillers']","Although her punk band were long gone, she announced the official dissolution of The Distillers in 2007 and immediately set about forming Spinnerette.",Noun,2,band,"['although', 'punk', 'UNK', 'long', 'go', 'announce', 'official', 'dissolution', 'immediately', 'set', 'form', 'distillers']"
13853,"['armour', 'wear', 'fight', 'position', 'competition', 'take']","""That armour he wears to fight for his position in the competition, he just takes it off.",Verb,2,fight,"['armour', 'wear', 'UNK', 'position', 'competition', 'take']"
13853,"['armour', 'wear', 'fight', 'position', 'competition', 'take']","""That armour he wears to fight for his position in the competition, he just takes it off.",Noun,0,armour,"['UNK', 'wear', 'fight', 'position', 'competition', 'take']"
13853,"['armour', 'wear', 'fight', 'position', 'competition', 'take']","""That armour he wears to fight for his position in the competition, he just takes it off.",Adjective,,,"['armour', 'UNK', 'fight', 'position', 'competition', 'take']"
16560,"['artist', 'soul', 'artist', 'take']","Any R'n'B artist, any soul artist all took from him.",Verb,0,take,"['artist', 'soul', 'artist', 'UNK']"
16560,"['artist', 'soul', 'artist', 'take']","Any R'n'B artist, any soul artist all took from him.",Noun,0,artist,"['UNK', 'soul', 'artist', 'take']"
16560,"['artist', 'soul', 'artist', 'take']","Any R'n'B artist, any soul artist all took from him.",Adjective,,,"['artist', 'soul', 'UNK', 'artist', 'take']"
1406,"['band', 'come', 'along', 'way', 'songwriting', 'pay', 'bill', 'pretty', 'much', 'pay', 'band', 'instrument', 'credit', 'card', 'start', 'pen', 'lyric', 'people', 'ryan']",The band came along way before the songwriting and it was only because he had to pay the bills after pretty much paying for the band's instruments on his credit card that Ryan started penning lyrics for other people at all.,Verb,1,come,"['band', 'UNK', 'along', 'way', 'songwriting', 'pay', 'bill', 'pretty', 'much', 'pay', 'band', 'instrument', 'credit', 'card', 'start', 'pen', 'lyric', 'people', 'ryan']"
1406,"['band', 'come', 'along', 'way', 'songwriting', 'pay', 'bill', 'pretty', 'much', 'pay', 'band', 'instrument', 'credit', 'card', 'start', 'pen', 'lyric', 'people', 'ryan']",The band came along way before the songwriting and it was only because he had to pay the bills after pretty much paying for the band's instruments on his credit card that Ryan started penning lyrics for other people at all.,Noun,0,band,"['UNK', 'come', 'along', 'way', 'songwriting', 'pay', 'bill', 'pretty', 'much', 'pay', 'band', 'instrument', 'credit', 'card', 'start', 'pen', 'lyric', 'people', 'ryan']"
1406,"['band', 'come', 'along', 'way', 'songwriting', 'pay', 'bill', 'pretty', 'much', 'pay', 'band', 'instrument', 'credit', 'card', 'start', 'pen', 'lyric', 'people', 'ryan']",The band came along way before the songwriting and it was only because he had to pay the bills after pretty much paying for the band's instruments on his credit card that Ryan started penning lyrics for other people at all.,Adjective,,,"['band', 'come', 'UNK', 'way', 'songwriting', 'pay', 'bill', 'pretty', 'much', 'pay', 'band', 'instrument', 'credit', 'card', 'start', 'pen', 'lyric', 'people', 'ryan']"
16110,"['bit', 'spoiled', 'brat', 'antonia']","""Antonia on Alisha: ""She's a bit of a spoiled brat.",Noun,2,brat,"['bit', 'spoiled', 'UNK', 'antonia']"
16110,"['bit', 'spoiled', 'brat', 'antonia']","""Antonia on Alisha: ""She's a bit of a spoiled brat.",Adjective,,,"['UNK', 'spoiled', 'brat', 'antonia']"
5019,"['born', 'singer', 'release', 'follow', 'multi', 'million', 'selling', 'debut', 'album', 'also', 'announce', 'last', 'week', 'set', 'first', 'tour', 'next', 'summer', 'london', 'echo']","The London born singer has just released Echo, the follow-up to her multi-million selling debut album, and also announced last week she's setting out on her first UK tour next summer.",Verb,6,selling,"['born', 'singer', 'release', 'follow', 'multi', 'million', 'UNK', 'debut', 'album', 'also', 'announce', 'last', 'week', 'set', 'first', 'tour', 'next', 'summer', 'london', 'echo']"
5019,"['born', 'singer', 'release', 'follow', 'multi', 'million', 'selling', 'debut', 'album', 'also', 'announce', 'last', 'week', 'set', 'first', 'tour', 'next', 'summer', 'london', 'echo']","The London born singer has just released Echo, the follow-up to her multi-million selling debut album, and also announced last week she's setting out on her first UK tour next summer.",Noun,1,singer,"['born', 'UNK', 'release', 'follow', 'multi', 'million', 'selling', 'debut', 'album', 'also', 'announce', 'last', 'week', 'set', 'first', 'tour', 'next', 'summer', 'london', 'echo']"
16158,"['captain', 'admit', 'punch', 'drunken', 'row', 'music', 'say', 'self', 'defence']","The Liverpool captain admitted punching a man in a drunken row over music, but said it was in self-defence.",Verb,1,admit,"['captain', 'UNK', 'punch', 'drunken', 'row', 'music', 'say', 'self', 'defence']"
16158,"['captain', 'admit', 'punch', 'drunken', 'row', 'music', 'say', 'self', 'defence']","The Liverpool captain admitted punching a man in a drunken row over music, but said it was in self-defence.",Noun,0,captain,"['UNK', 'admit', 'punch', 'drunken', 'row', 'music', 'say', 'self', 'defence']"
16158,"['captain', 'admit', 'punch', 'drunken', 'row', 'music', 'say', 'self', 'defence']",,Adjective,3,drunken,"['captain', 'admit', 'punch', 'UNK', 'row', 'music', 'say', 'self', 'defence']"
16158,"['captain', 'admit', 'punch', 'drunken', 'row', 'music', 'say', 'self', 'defence']","The Liverpool captain admitted punching a man in a drunken row over music, but said it was in self-defence.",Adjective,,,"['captain', 'admit', 'UNK', 'drunken', 'row', 'music', 'say', 'self', 'defence']"
11250,"['carry', 'time', 'six', 'seven', 'leave']","""If I carry on, by the time she's six or seven, will she have a mum left?""",Verb,0,carry,"['UNK', 'time', 'six', 'seven', 'leave']"
11250,"['carry', 'time', 'six', 'seven', 'leave']","""If I carry on, by the time she's six or seven, will she have a mum left?""",Noun,1,time,"['carry', 'UNK', 'six', 'seven', 'leave']"
7212,"['claim', 'recently', 'mock', 'rapper', 'video', 'latest', 'single', 'obsession']",It's been claimed recently that Mariah mocked the rapper in the video for her latest single Obsession.,Verb,2,mock,"['claim', 'recently', 'UNK', 'rapper', 'video', 'latest', 'single', 'obsession']"
7212,"['claim', 'recently', 'mock', 'rapper', 'video', 'latest', 'single', 'obsession']",It's been claimed recently that Mariah mocked the rapper in the video for her latest single Obsession.,Noun,3,rapper,"['claim', 'recently', 'mock', 'UNK', 'video', 'latest', 'single', 'obsession']"
7212,"['claim', 'recently', 'mock', 'rapper', 'video', 'latest', 'single', 'obsession']",It's been claimed recently that Mariah mocked the rapper in the video for her latest single Obsession.,Adjective,,,"['claim', 'recently', 'mock', 'rapper', 'video', 'latest', 'single', 'UNK']"
3729,"['commenting', 'prolific', 'speed', 'foursome', 'write', 'join', 'say', 'love', 'mosshart', 'white jack lawrence dean fertita']","""Commenting on the prolific speed at which the foursome write (Mosshart and White are joined by Jack Lawrence and Dean Fertita) she said: ""I love it.",Verb,4,write,"['commenting', 'prolific', 'speed', 'foursome', 'UNK', 'join', 'say', 'love', 'mosshart', 'white jack lawrence dean fertita']"
3729,"['commenting', 'prolific', 'speed', 'foursome', 'write', 'join', 'say', 'love', 'mosshart', 'white jack lawrence dean fertita']","""Commenting on the prolific speed at which the foursome write (Mosshart and White are joined by Jack Lawrence and Dean Fertita) she said: ""I love it.",Noun,2,speed,"['commenting', 'prolific', 'UNK', 'foursome', 'write', 'join', 'say', 'love', 'mosshart', 'white jack lawrence dean fertita']"
14860,"['confirm', 'detail', 'release', 'new', 'album', 'wayne']",Lil Wayne has confirmed details for the release of his new album.,Verb,0,confirm,"['UNK', 'detail', 'release', 'new', 'album', 'wayne']"
14860,"['confirm', 'detail', 'release', 'new', 'album', 'wayne']",Lil Wayne has confirmed details for the release of his new album.,Noun,1,detail,"['confirm', 'UNK', 'release', 'new', 'album', 'wayne']"
14860,"['confirm', 'detail', 'release', 'new', 'album', 'wayne']",Lil Wayne has confirmed details for the release of his new album.,Adjective,,,"['confirm', 'UNK', 'release', 'new', 'album', 'wayne']"
2446,"['could', 'cause', 'big', 'problem']",It could cause him big problems.,Verb,1,cause,"['could', 'UNK', 'big', 'problem']"
2446,"['could', 'cause', 'big', 'problem']",It could cause him big problems.,Noun,3,problem,"['could', 'cause', 'big', 'UNK']"
2446,"['could', 'cause', 'big', 'problem']",It could cause him big problems.,Adjective,2,big,"['could', 'cause', 'UNK', 'problem']"
18050,"['course', 'since', 'still', 'management', 'interest', 'willing', 'defend', 'entertainment', 'mogul', 'burke']","""Of course, since Cowell still has a management interest in Burke, she's willing to defend the entertainment mogul.",Verb,6,defend,"['course', 'since', 'still', 'management', 'interest', 'willing', 'UNK', 'entertainment', 'mogul', 'burke']"
18050,"['course', 'since', 'still', 'management', 'interest', 'willing', 'defend', 'entertainment', 'mogul', 'burke']","""Of course, since Cowell still has a management interest in Burke, she's willing to defend the entertainment mogul.",Noun,3,management,"['course', 'since', 'still', 'UNK', 'interest', 'willing', 'defend', 'entertainment', 'mogul', 'burke']"
18050,"['course', 'since', 'still', 'management', 'interest', 'willing', 'defend', 'entertainment', 'mogul', 'burke']","""Of course, since Cowell still has a management interest in Burke, she's willing to defend the entertainment mogul.",Adjective,,,"['course', 'since', 'still', 'management', 'UNK', 'willing', 'defend', 'entertainment', 'mogul', 'burke']"
16681,"['despite', 'success', 'music', 'business', 'include', 'three', 'year', 'run', 'helm', 'record', 'label', 'star', 'admit', 'still', 'wake', 'pinch', 'jam']","Despite his success in the music business, which includes a three-year run at the helm of record label Def Jam, the star admits that he still wakes up and pinches himself.",Verb,7,run,"['despite', 'success', 'music', 'business', 'include', 'three', 'year', 'UNK', 'helm', 'record', 'label', 'star', 'admit', 'still', 'wake', 'pinch', 'jam']"
16681,"['despite', 'success', 'music', 'business', 'include', 'three', 'year', 'run', 'helm', 'record', 'label', 'star', 'admit', 'still', 'wake', 'pinch', 'jam']","Despite his success in the music business, which includes a three-year run at the helm of record label Def Jam, the star admits that he still wakes up and pinches himself.",Noun,1,success,"['despite', 'UNK', 'music', 'business', 'include', 'three', 'year', 'run', 'helm', 'record', 'label', 'star', 'admit', 'still', 'wake', 'pinch', 'jam']"
18238,"['due', 'start', 'record', 'second', 'album', 'day', 'get', 'back', 'instead', 'metal', 'plate', 'insert', 'hand', 'go', 'week', 'rehab']",He had been due to start recording his second album the day after getting back but instead had to have a metal plate inserted in his hand and went through weeks of rehab.,Verb,11,insert,"['due', 'start', 'record', 'second', 'album', 'day', 'get', 'back', 'instead', 'metal', 'plate', 'UNK', 'hand', 'go', 'week', 'rehab']"
18238,"['due', 'start', 'record', 'second', 'album', 'day', 'get', 'back', 'instead', 'metal', 'plate', 'insert', 'hand', 'go', 'week', 'rehab']",He had been due to start recording his second album the day after getting back but instead had to have a metal plate inserted in his hand and went through weeks of rehab.,Noun,4,album,"['due', 'start', 'record', 'second', 'UNK', 'day', 'get', 'back', 'instead', 'metal', 'plate', 'insert', 'hand', 'go', 'week', 'rehab']"
13752,"['expensive', 'taste', 'may', 'good', 'job', 'could', 'reportedly', 'earn', 'around', 'week', 'two', 'week', 'run', 'panto']","""With such expensive tastes, it may be a good job that Anderson could reportedly earn around £25,000 a week for her two week run in the panto.",Verb,7,earn,"['expensive', 'taste', 'may', 'good', 'job', 'could', 'reportedly', 'UNK', 'around', 'week', 'two', 'week', 'run', 'panto']"
13752,"['expensive', 'taste', 'may', 'good', 'job', 'could', 'reportedly', 'earn', 'around', 'week', 'two', 'week', 'run', 'panto']","""With such expensive tastes, it may be a good job that Anderson could reportedly earn around £25,000 a week for her two week run in the panto.",Noun,1,taste,"['expensive', 'UNK', 'may', 'good', 'job', 'could', 'reportedly', 'earn', 'around', 'week', 'two', 'week', 'run', 'panto']"
13752,"['expensive', 'taste', 'may', 'good', 'job', 'could', 'reportedly', 'earn', 'around', 'week', 'two', 'week', 'run', 'panto']","""With such expensive tastes, it may be a good job that Anderson could reportedly earn around £25,000 a week for her two week run in the panto.",Adjective,,,"['UNK', 'taste', 'may', 'good', 'job', 'could', 'reportedly', 'earn', 'around', 'week', 'two', 'week', 'run', 'panto']"
2484,"['explain', 'desperate', 'start', 'play', 'game']","""He explained why he was so desperate to start playing the game.",Verb,0,explain,"['UNK', 'desperate', 'start', 'play', 'game']"
2484,"['explain', 'desperate', 'start', 'play', 'game']","""He explained why he was so desperate to start playing the game.",Noun,4,game,"['explain', 'desperate', 'start', 'play', 'UNK']"
2484,"['explain', 'desperate', 'start', 'play', 'game']","""He explained why he was so desperate to start playing the game.",Adjective,,,"['explain', 'UNK', 'start', 'play', 'game']"
15689,"['first', 'come', 'think', 'different', 'alicia']",When Alicia first came out I think she was very different.,Verb,2,think,"['first', 'come', 'UNK', 'different', 'person']"
15689,"['first', 'come', 'think', 'different', 'alicia']",When Alicia first came out I think she was very different.,Adjective,,,"['first', 'UNK', 'think', 'different', 'alicia']"
12243,"['growing', 'time', 'want', 'black', 'bully', 'tell', 'want', 'white', 'like', 'everyone', 'else', 'school']","Growing up, at that time, I didn't want to be black because I was bullied and I'd tell my mum that I wanted to be white like everyone else at school.",Verb,6,want,"['growing', 'time', 'want', 'black', 'bully', 'tell', 'UNK', 'white', 'like', 'everyone', 'else', 'school']"
12243,"['growing', 'time', 'want', 'black', 'bully', 'tell', 'want', 'white', 'like', 'everyone', 'else', 'school']","Growing up, at that time, I didn't want to be black because I was bullied and I'd tell my mum that I wanted to be white like everyone else at school.",Noun,1,time,"['growing', 'UNK', 'want', 'black', 'bully', 'tell', 'want', 'white', 'like', 'everyone', 'else', 'school']"
17172,"['hard', 'year', 'want', 'nice', 'week', 'enjoy', 'say']","It's been such a hard year, you want to have a nice week, and enjoy yourself,"" she said.",Verb,2,want,"['hard', 'year', 'UNK', 'nice', 'week', 'enjoy', 'say']"
17172,"['hard', 'year', 'want', 'nice', 'week', 'enjoy', 'say']","It's been such a hard year, you want to have a nice week, and enjoy yourself,"" she said.",Noun,1,year,"['hard', 'UNK', 'want', 'nice', 'week', 'enjoy', 'say']"
17172,"['hard', 'year', 'want', 'nice', 'week', 'enjoy', 'say']","It's been such a hard year, you want to have a nice week, and enjoy yourself,"" she said.",Adjective,,,"['hard', 'UNK', 'want', 'nice', 'week', 'enjoy', 'say']"
18802,"['introducing', 'win', 'year', 'award', 'best', 'sell', 'debut', 'album', 'year', 'recently', 'surpass', 'gouldingafter florence machine']",After winning this year's award Florence and The Machine had the UK's best selling debut album of the year until she was recently surpassed by JLS and Susan Boyle.,Verb,0,introducing,"['UNK', 'win', 'year', 'award', 'best', 'sell', 'debut', 'album', 'year', 'recently', 'surpass']"
18802,"['introducing', 'win', 'year', 'award', 'best', 'sell', 'debut', 'album', 'year', 'recently', 'surpass', 'gouldingafter florence machine']",After winning this year's award Florence and The Machine had the UK's best selling debut album of the year until she was recently surpassed by JLS and Susan Boyle.,Noun,3,award,"['introducing', 'win', 'year', 'UNK', 'best', 'sell', 'debut', 'album', 'year', 'recently', 'surpass']"
18802,"['introducing', 'win', 'year', 'award', 'best', 'sell', 'debut', 'album', 'year', 'recently', 'surpass', 'gouldingafter florence machine']",After winning this year's award Florence and The Machine had the UK's best selling debut album of the year until she was recently surpassed by JLS and Susan Boyle.,Adjective,,,"['introducing', 'UNK', 'year', 'award', 'best', 'sell', 'debut', 'album', 'year', 'recently', 'surpass', 'gouldingafter florence machine']"
623,"['let', 'tell', 'outside', 'show', 'sit', 'cocky', 'certainly', 'confident', 'want', 'break', 'say']","""Let me tell you, outside the show, when you sit with him, he's not cocky, he's certainly not confident, he just wants a break,"" he said.",Verb,7,want,"['let', 'tell', 'outside', 'show', 'sit', 'cocky', 'certainly', 'confident', 'UNK', 'break', 'say']"
623,"['let', 'tell', 'outside', 'show', 'sit', 'cocky', 'certainly', 'confident', 'want', 'break', 'say']","""Let me tell you, outside the show, when you sit with him, he's not cocky, he's certainly not confident, he just wants a break,"" he said.",Noun,3,show,"['let', 'tell', 'outside', 'UNK', 'sit', 'cocky', 'certainly', 'confident', 'want', 'break', 'say']"
6579,"['lose', 'count', 'honest', 'say']","I've lost count to be honest,"" he said.",Verb,0,lose,"['UNK', 'count', 'honest', 'say']"
6579,"['lose', 'count', 'honest', 'say']","I've lost count to be honest,"" he said.",Noun,1,count,"['lose', 'UNK', 'honest', 'say']"
6579,"['lose', 'count', 'honest', 'say']","I've lost count to be honest,"" he said.",Adjective,,,"['UNK', 'count', 'honest', 'say']"
1193,"['lose', 'force', 'public', 'vote', 'four', 'judge', 'could', 'decide', 'save']",She lost out to Lloyd Daniels and was forced out by the public vote when the four judges couldn't decide who to save.,Verb,1,force,"['lose', 'UNK', 'public', 'vote', 'four', 'judge', 'could', 'decide', 'save']"
1193,"['lose', 'force', 'public', 'vote', 'four', 'judge', 'could', 'decide', 'save']",She lost out to Lloyd Daniels and was forced out by the public vote when the four judges couldn't decide who to save.,Noun,5,judge,"['lose', 'force', 'public', 'vote', 'four', 'UNK', 'could', 'decide', 'save']"
17351,"['manage', 'turn', 'life', 'around', 'leon']",Leon managed to turn his life around.,Verb,0,manage,"['UNK', 'turn', 'life', 'around', 'leon']"
17351,"['manage', 'turn', 'life', 'around', 'leon']",Leon managed to turn his life around.,Noun,2,life,"['manage', 'turn', 'UNK', 'around', 'leon']"
17351,"['manage', 'turn', 'life', 'around', 'leon']",Leon managed to turn his life around.,Adjective,,,"['manage', 'turn', 'life', 'around', 'UNK']"
12618,"['military', 'sure', 'live', 'promise', 'make']","Anna, 17, from Watertown New York has a brother in the military and is not sure Barack Obama can live up to the promises he made.",Verb,2,live,"['military', 'sure', 'UNK', 'promise', 'make']"
12618,"['military', 'sure', 'live', 'promise', 'make']","Anna, 17, from Watertown New York has a brother in the military and is not sure Barack Obama can live up to the promises he made.",Noun,0,military,"['UNK', 'sure', 'live', 'promise', 'make']"
4757,"['nature', 'internet', 'mean', 'impossible', 'tell', 'whether', 'technical', 'glitch', 'cause', 'web', 'fee', 'wi', 'fi', 'house', 'speed', 'internet', 'connection', 'dave']","The nature of the internet means it's impossible to tell whether these technical glitches were caused by the web-feed itself, the wi-fi in Dave's house or the speed of his internet connection.",Verb,4,tell,"['nature', 'internet', 'mean', 'impossible', 'UNK', 'whether', 'technical', 'glitch', 'cause', 'web', 'fee', 'wi', 'fi', 'house', 'speed', 'internet', 'connection', 'dave']"
4757,"['nature', 'internet', 'mean', 'impossible', 'tell', 'whether', 'technical', 'glitch', 'cause', 'web', 'fee', 'wi', 'fi', 'house', 'speed', 'internet', 'connection', 'dave']","The nature of the internet means it's impossible to tell whether these technical glitches were caused by the web-feed itself, the wi-fi in Dave's house or the speed of his internet connection.",Noun,0,nature,"['UNK', 'internet', 'mean', 'impossible', 'tell', 'whether', 'technical', 'glitch', 'cause', 'web', 'fee', 'wi', 'fi', 'house', 'speed', 'internet', 'connection', 'dave']"
9008,"['newsbeat', 'catch', 'festival', 'busy', 'update', 'twitter', 'page']",Newsbeat caught up with him at the Boardmasters festival in Newquay where he was busy updating his Twitter page.,Verb,1,catch,"['newsbeat', 'UNK', 'festival', 'busy', 'update', 'twitter', 'page']"
9008,"['newsbeat', 'catch', 'festival', 'busy', 'update', 'twitter', 'page']",Newsbeat caught up with him at the Boardmasters festival in Newquay where he was busy updating his Twitter page.,Noun,2,festival,"['newsbeat', 'catch', 'UNK', 'busy', 'update', 'twitter', 'page']"
9008,"['newsbeat', 'catch', 'festival', 'busy', 'update', 'twitter', 'page']",Newsbeat caught up with him at the Boardmasters festival in Newquay where he was busy updating his Twitter page.,Adjective,,,"['newsbeat', 'catch', 'festival', 'UNK', 'update', 'twitter', 'page']"
1510,"['obviously', 'one', 'school', 'get', 'love', 'say']","""She's obviously one of those girls at school who got no love,"" she said.",Verb,5,say,"['obviously', 'one', 'school', 'get', 'love', 'UNK']"
1510,"['obviously', 'one', 'school', 'get', 'love', 'say']","""She's obviously one of those girls at school who got no love,"" she said.",Noun,2,school,"['obviously', 'one', 'UNK', 'get', 'love', 'say']"
6581,"['panel', 'help', 'come', 'plan', 'get', 'study']","""The panel help him come up with a plan to get studying again.",Verb,1,help,"['panel', 'UNK', 'come', 'plan', 'get', 'study']"
6581,"['panel', 'help', 'come', 'plan', 'get', 'study']","""The panel help him come up with a plan to get studying again.",Noun,0,panel,"['UNK', 'help', 'come', 'plan', 'get', 'study']"
6581,"['panel', 'help', 'come', 'plan', 'get', 'study']","""The panel help him come up with a plan to get studying again.",Adjective,,,"['panel', 'help', 'come', 'plan', 'get', 'UNK']"
1895,"['pigment', 'year', 'old', 'fashion', 'designer', 'skin', 'start', 'change', 'colour', 'five']",The pigment in 23-year-old fashion designer Darcel De Vlugt's skin started changing colour when she was five.,Verb,6,start,"['pigment', 'year', 'old', 'fashion', 'designer', 'skin', 'UNK', 'change', 'colour', 'five']"
1895,"['pigment', 'year', 'old', 'fashion', 'designer', 'skin', 'start', 'change', 'colour', 'five']",The pigment in 23-year-old fashion designer Darcel De Vlugt's skin started changing colour when she was five.,Noun,0,pigment,"['UNK', 'year', 'old', 'fashion', 'designer', 'skin', 'start', 'change', 'colour', 'five']"
54,"['play', 'say', 'shy', 'meet', 'really', 'want', 'meet', 'cast', 'scodelario lily loveless effy naomi skins']","Kaya Scodelario and Lily Loveless, who play Effy and Naomi from Skins, said they were shy about meeting other actors but really wanted to meet the cast of Shameless.",Verb,3,meet,"['play', 'say', 'shy', 'UNK', 'really', 'want', 'meet', 'cast', 'scodelario lily loveless effy naomi skins']"
54,"['play', 'say', 'shy', 'meet', 'really', 'want', 'meet', 'cast', 'scodelario lily loveless effy naomi skins']","Kaya Scodelario and Lily Loveless, who play Effy and Naomi from Skins, said they were shy about meeting other actors but really wanted to meet the cast of Shameless.",Noun,7,cast,"['play', 'say', 'shy', 'meet', 'really', 'want', 'meet', 'UNK', 'scodelario lily loveless effy naomi skins']"
54,"['play', 'say', 'shy', 'meet', 'really', 'want', 'meet', 'cast', 'scodelario lily loveless effy naomi skins']","Kaya Scodelario and Lily Loveless, who play Effy and Naomi from Skins, said they were shy about meeting other actors but really wanted to meet the cast of Shameless.",Adjective,,,"['play', 'say', 'UNK', 'meet', 'really', 'want', 'meet', 'cast', 'scodelario lily loveless effy naomi skins']"
4140,"['probably', 'mature', 'person', 'choir', 'teacher', 'treat', 'differently', 'every', 'one', 'else']","""She was probably the most mature person in the choir, the teacher treated her differently from every one else.",Verb,5,treat,"['probably', 'mature', 'person', 'choir', 'teacher', 'UNK', 'differently', 'every', 'one', 'else']"
4140,"['probably', 'mature', 'person', 'choir', 'teacher', 'treat', 'differently', 'every', 'one', 'else']","""She was probably the most mature person in the choir, the teacher treated her differently from every one else.",Noun,2,person,"['probably', 'mature', 'UNK', 'choir', 'teacher', 'treat', 'differently', 'every', 'one', 'else']"
18637,"['pure', 'spirit', 'bright', 'mind', 'bring', 'part', 'life', 'really']","""She's a very pure spirit and a very bright mind and she brings the part of MJ to life really.",Verb,4,bring,"['pure', 'spirit', 'bright', 'mind', 'UNK', 'part', 'life', 'really']"
18637,"['pure', 'spirit', 'bright', 'mind', 'bring', 'part', 'life', 'really']","""She's a very pure spirit and a very bright mind and she brings the part of MJ to life really.",Noun,1,spirit,"['pure', 'UNK', 'bright', 'mind', 'bring', 'part', 'life', 'really']"
2523,"['rapper', 'pioneer', 'release', 'third', 'album', 'new', 'single', 'going', 'come', 'east', 'london']","East London rapper and Grime pioneer Lethal Bizzle is about to release his third album, with new single Going Out Tonight coming out in September.",Verb,2,release,"['rapper', 'pioneer', 'UNK', 'third', 'album', 'new', 'single', 'going', 'come', 'east', 'london']"
2523,"['rapper', 'pioneer', 'release', 'third', 'album', 'new', 'single', 'going', 'come', 'east', 'london']","East London rapper and Grime pioneer Lethal Bizzle is about to release his third album, with new single Going Out Tonight coming out in September.",Noun,1,pioneer,"['rapper', 'UNK', 'release', 'third', 'album', 'new', 'single', 'going', 'come', 'east', 'london']"
3112,"['reception', 'second', 'album']",As is the reception of his second album Kings & Queens.,Noun,0,reception,"['UNK', 'second', 'album']"
3112,"['reception', 'second', 'album']",As is the reception of his second album Kings & Queens.,Adjective,,,"['UNK', 'second', 'album']"
11943,"['reckon', 'get', 'green', 'one', 'way', 'forward']",He reckons getting green is one way forward.,Verb,0,reckon,"['UNK', 'get', 'green', 'one', 'way', 'forward']"
11943,"['reckon', 'get', 'green', 'one', 'way', 'forward']",He reckons getting green is one way forward.,Noun,6,way,"['reckon', 'get', 'green', 'one', 'UNK', 'forward']"
11943,"['reckon', 'get', 'green', 'one', 'way', 'forward']",He reckons getting green is one way forward.,Adjective,,,"['reckon', 'get', 'green', 'one', 'UNK', 'forward']"
10077,"['red', 'carpet', 'event', 'speak', 'work', 'raise', 'awareness', 'aids']","""On the red carpet before the event, Sharon Stone spoke about her work to raise awareness about Aids.",Verb,3,speak,"['red', 'carpet', 'event', 'UNK', 'work', 'raise', 'awareness', 'aids']"
10077,"['red', 'carpet', 'event', 'speak', 'work', 'raise', 'awareness', 'aids']","""On the red carpet before the event, Sharon Stone spoke about her work to raise awareness about Aids.",Noun,1,carpet,"['red', 'UNK', 'event', 'speak', 'work', 'raise', 'awareness', 'aids']"
10077,"['red', 'carpet', 'event', 'speak', 'work', 'raise', 'awareness', 'aids']","""On the red carpet before the event, Sharon Stone spoke about her work to raise awareness about Aids.",Adjective,,,"['red', 'UNK', 'event', 'speak', 'work', 'raise', 'awareness', 'aids']"
17719,"['reveal', 'detail', 'forthcoming', 'second', 'album']",Lightspeed Champion has revealed details of his forthcoming second album.,Verb,0,reveal,"['UNK', 'detail', 'forthcoming', 'second', 'album']"
17719,"['reveal', 'detail', 'forthcoming', 'second', 'album']",Lightspeed Champion has revealed details of his forthcoming second album.,Noun,1,detail,"['reveal', 'UNK', 'forthcoming', 'second', 'album']"
236,"['reveal', 'detail', 'forthcoming', 'second', 'album']",,Adjective,3,second,"['reveal', 'detail', 'forthcoming', 'UNK', 'album']"
17719,"['reveal', 'detail', 'forthcoming', 'second', 'album']",Lightspeed Champion has revealed details of his forthcoming second album.,Adjective,,,"['reveal', 'UNK', 'forthcoming', 'second', 'album']"
7785,"['say', 'arrive', 'hospital', 'min', 'baby', 'deliver', 'delight', 'would', 'make', 'nas']","Kaplan said: ""Nas did arrive at the hospital about 5 to 10 mins before the baby was delivered and was delighted that he'd made it.",Verb,5,deliver,"['say', 'arrive', 'hospital', 'min', 'baby', 'UNK', 'delight', 'would', 'make', 'nas']"
7785,"['say', 'arrive', 'hospital', 'min', 'baby', 'deliver', 'delight', 'would', 'make', 'nas']","Kaplan said: ""Nas did arrive at the hospital about 5 to 10 mins before the baby was delivered and was delighted that he'd made it.",Noun,2,hospital,"['say', 'arrive', 'UNK', 'min', 'baby', 'deliver', 'delight', 'would', 'make', 'nas']"
15779,"['say', 'ever', 'come', 'back', 'certainly', 'somewhere', 'line', 'ask', 'something', 'like', 'maybe', 'something', 'different', 'would', 'work', 'heartbeat', 'joy', 'al']","""That's not to say that it won't ever come back, it's certainly done for now but somewhere down the line if we were asked to do it again, or something like it, or maybe just something different… I would work with Al in a heartbeat because he's a joy.""",Verb,12,work,"['say', 'ever', 'come', 'back', 'certainly', 'somewhere', 'line', 'ask', 'something', 'like', 'maybe', 'something', 'different', 'would', 'UNK', 'heartbeat', 'joy', 'al']"
15779,"['say', 'ever', 'come', 'back', 'certainly', 'somewhere', 'line', 'ask', 'something', 'like', 'maybe', 'something', 'different', 'would', 'work', 'heartbeat', 'joy', 'al']","""That's not to say that it won't ever come back, it's certainly done for now but somewhere down the line if we were asked to do it again, or something like it, or maybe just something different… I would work with Al in a heartbeat because he's a joy.""",Noun,5,somewhere,"['say', 'ever', 'come', 'back', 'certainly', 'UNK', 'line', 'ask', 'something', 'like', 'maybe', 'something', 'different', 'would', 'work', 'heartbeat', 'joy', 'al']"
15779,"['say', 'ever', 'come', 'back', 'certainly', 'somewhere', 'line', 'ask', 'something', 'like', 'maybe', 'something', 'different', 'would', 'work', 'heartbeat', 'joy', 'al']","""That's not to say that it won't ever come back, it's certainly done for now but somewhere down the line if we were asked to do it again, or something like it, or maybe just something different… I would work with Al in a heartbeat because he's a joy.""",Adjective,,,"['say', 'ever', 'come', 'back', 'UNK', 'somewhere', 'line', 'ask', 'something', 'like', 'maybe', 'something', 'different', 'would', 'work', 'heartbeat', 'joy', 'al']"
6049,"['say', 'get', 'choose', 'million', 'song', 'go']","He said: ""You get to choose from millions of songs but where is your Â£10 going?",Verb,2,choose,"['say', 'get', 'UNK', 'million', 'song', 'go']"
6049,"['say', 'get', 'choose', 'million', 'song', 'go']","He said: ""You get to choose from millions of songs but where is your Â£10 going?",Noun,4,song,"['say', 'get', 'choose', 'million', 'UNK', 'go']"
7551,"['say', 'guy', 'hear', 'sing', 'think', 'moyles', 'year', 'ago']","He said: ""Some guys heard me singing Tom Jones, I think on Moyles, this was about a year ago.",Verb,3,sing,"['say', 'guy', 'hear', 'UNK', 'think', 'moyles', 'year', 'ago']"
7551,"['say', 'guy', 'hear', 'sing', 'think', 'moyles', 'year', 'ago']","He said: ""Some guys heard me singing Tom Jones, I think on Moyles, this was about a year ago.",Noun,6,year,"['say', 'guy', 'hear', 'sing', 'think', 'moyles', 'UNK', 'ago']"
6456,"['say', 'legend', 'story', 'make', 'eye', 'say']","Brandon said Mr Patch was a legend: ""All these stories about him make him more of a hero in our eyes,"" he said.",Verb,5,say,"['say', 'legend', 'story', 'make', 'eye', 'UNK']"
6456,"['say', 'legend', 'story', 'make', 'eye', 'say']","Brandon said Mr Patch was a legend: ""All these stories about him make him more of a hero in our eyes,"" he said.",Noun,1,legend,"['say', 'UNK', 'story', 'make', 'eye', 'say']"
6456,"['say', 'legend', 'story', 'make', 'eye', 'say']","Brandon said Mr Patch was a legend: ""All these stories about him make him more of a hero in our eyes,"" he said.",Adjective,,,"['say', 'legend', 'story', 'make', 'eye', 'UNK']"
17232,"['say', 'much', 'laid', 'back', 'thing', 'want', 'focus', 'make', 'music']",He says he's much more laid back about things now and wants to focus on making music.,Verb,7,make,"['say', 'much', 'laid', 'back', 'thing', 'want', 'focus', 'UNK', 'music']"
17232,"['say', 'much', 'laid', 'back', 'thing', 'want', 'focus', 'make', 'music']",He says he's much more laid back about things now and wants to focus on making music.,Noun,4,thing,"['say', 'much', 'laid', 'back', 'UNK', 'want', 'focus', 'make', 'music']"
7423,"['sign', 'independent', 'label', 'work', 'work']",She's signed to an independent label and has been working with Ian Green who has worked with Madonna.,Verb,3,work,"['sign', 'independent', 'label', 'UNK', 'work']"
7423,"['sign', 'independent', 'label', 'work', 'work']",She's signed to an independent label and has been working with Ian Green who has worked with Madonna.,Noun,2,label,"['sign', 'independent', 'UNK', 'work', 'work']"
7423,"['sign', 'independent', 'label', 'work', 'work']",She's signed to an independent label and has been working with Ian Green who has worked with Madonna.,Adjective,,,"['sign', 'independent', 'label', 'UNK', 'UNK']"
6553,"['since', 'write', 'tour', 'like', 'beyonce', 'gwen stefani chris brown kelly clarkson']","Since then he's been writing and touring with the likes of Beyonce, Gwen Stefani, Chris Brown and Kelly Clarkson.",Verb,2,tour,"['since', 'write', 'UNK', 'like', 'beyonce', 'gwen stefani chris brown kelly clarkson']"
6553,"['since', 'write', 'tour', 'like', 'beyonce', 'gwen stefani chris brown kelly clarkson']","Since then he's been writing and touring with the likes of Beyonce, Gwen Stefani, Chris Brown and Kelly Clarkson.",Noun,2,tour,"['since', 'write', 'UNK', 'like', 'beyonce', 'gwen stefani chris brown kelly clarkson']"
6553,"['since', 'write', 'tour', 'like', 'beyonce', 'gwen stefani chris brown kelly clarkson']","Since then he's been writing and touring with the likes of Beyonce, Gwen Stefani, Chris Brown and Kelly Clarkson.",Adjective,,,"['since', 'UNK', 'tour', 'like', 'beyonce', 'gwen stefani chris brown kelly clarkson']"
5378,"['sitting', 'home', 'watch', 'tv', 'probably', 'say']","Sitting at home watching TV, that's probably it,"" she said.",Verb,0,sitting,"['UNK', 'home', 'watch', 'tv', 'probably', 'say']"
5378,"['sitting', 'home', 'watch', 'tv', 'probably', 'say']","Sitting at home watching TV, that's probably it,"" she said.",Noun,3,tv,"['sitting', 'home', 'watch', 'UNK', 'probably', 'say']"
10495,"['sleep', 'inside']",Mum and Dad sleep inside.,Verb,0,sleep,"['UNK', 'inside']"
10495,"['sleep', 'inside']",Mum and Dad sleep inside.,Adjective,,,"['UNK', 'inside']"
3545,"['song', 'title', 'track', 'film', 'hottest', 'record', 'world', 'show', 'last', 'week', 'cab cutie meet me equinox zane lowe radio']",Death Cab for Cutie song Meet Me On The Equinox is the title track to the film and was Zane Lowe's hottest record in the world on his Radio 1 show last week.,Noun,0,song,"['UNK', 'title', 'track', 'film', 'hottest', 'record', 'world', 'show', 'last', 'week', 'cab cutie meet me equinox zane lowe radio']"
5308,"['split', 'time', 'studio', 'family', 'record', 'base', 'los angeles']",She split her time between Johannes' studio and her Los Angeles family and Queens Of The Stone Age recording base Pink Duck.,Verb,0,split,"['UNK', 'time', 'studio', 'family', 'record', 'base', 'los angeles']"
5308,"['split', 'time', 'studio', 'family', 'record', 'base', 'los angeles']",She split her time between Johannes' studio and her Los Angeles family and Queens Of The Stone Age recording base Pink Duck.,Noun,3,studio,"['split', 'time', 'studio', 'UNK', 'record', 'base', 'los angeles']"
10977,"['state', 'commitment', 'withdraw', 'troop', 'end']","""Barack Obama re-stated his commitment to withdrawing all US troops from Iraq by the end of 2011.",Verb,0,state,"['UNK', 'commitment', 'withdraw', 'troop', 'end']"
10977,"['state', 'commitment', 'withdraw', 'troop', 'end']","""Barack Obama re-stated his commitment to withdrawing all US troops from Iraq by the end of 2011.",Noun,1,commitment,"['state', 'UNK', 'withdraw', 'troop', 'end']"
10977,"['state', 'commitment', 'withdraw', 'troop', 'end']","""Barack Obama re-stated his commitment to withdrawing all US troops from Iraq by the end of 2011.",Adjective,,,"['UNK', 'commitment', 'withdraw', 'troop', 'end']"
4247,"['take', 'one', 'look', 'hip', 'hop', 'collective', 'make', 'practical', 'decision']","""She took one look at her brother (Josh 'J2K' Young) from hip hop collective Flosstradamus and made a practical decision.",Verb,0,take,"['UNK', 'one', 'look', 'hip', 'hop', 'collective', 'make', 'practical', 'decision']"
4247,"['take', 'one', 'look', 'hip', 'hop', 'collective', 'make', 'practical', 'decision']","""She took one look at her brother (Josh 'J2K' Young) from hip hop collective Flosstradamus and made a practical decision.",Noun,5,collective,"['take', 'one', 'look', 'hip', 'hop', 'UNK', 'make', 'practical', 'decision']"
4247,"['take', 'one', 'look', 'hip', 'hop', 'collective', 'make', 'practical', 'decision']","""She took one look at her brother (Josh 'J2K' Young) from hip hop collective Flosstradamus and made a practical decision.",Adjective,,,"['take', 'one', 'UNK', 'hip', 'hop', 'collective', 'make', 'practical', 'decision']"
2461,"['target', 'american', 'politcians', 'medium', 'traditonal', 'enemy']",Her targets were American politcians and the media - her traditonal enemies.,Noun,0,target,"['UNK', 'american', 'politcians', 'medium', 'traditonal', 'enemy']"
2461,"['target', 'american', 'politcians', 'medium', 'traditonal', 'enemy']",Her targets were American politcians and the media - her traditonal enemies.,Adjective,,,"['target', 'american', 'politcians', 'medium', 'traditonal', 'UNK']"
11180,"['tell', 'specially', 'trained', 'officer', 'happen', 'say', 'pretty', 'really', 'nice', 'eye']","I was telling the specially-trained officer what had happened to me… She said, 'You're a pretty girl with really nice eyes.",Verb,2,trained,"['tell', 'specially', 'UNK', 'officer', 'happen', 'say', 'pretty', 'really', 'nice', 'eye']"
11180,"['tell', 'specially', 'trained', 'officer', 'happen', 'say', 'pretty', 'really', 'nice', 'eye']","I was telling the specially-trained officer what had happened to me… She said, 'You're a pretty girl with really nice eyes.",Noun,3,officer,"['tell', 'specially', 'trained', 'UNK', 'happen', 'say', 'pretty', 'really', 'nice', 'eye']"
1048,"['tell', 'write', 'moment', 'newsbeat']","He told Newsbeat: ""I'm writing at the moment.",Verb,0,tell,"['UNK', 'write', 'moment', 'newsbeat']"
1048,"['tell', 'write', 'moment', 'newsbeat']","He told Newsbeat: ""I'm writing at the moment.",Noun,2,moment,"['tell', 'write', 'UNK', 'newsbeat']"
1048,"['tell', 'write', 'moment', 'newsbeat']","He told Newsbeat: ""I'm writing at the moment.",Adjective,,,"['tell', 'write', 'UNK', 'newsbeat']"
9684,"['tend', 'much', 'judgmental', 'approach']","""There tends to be a much more judgmental approach to women.",Verb,0,tend,"['UNK', 'much', 'judgmental', 'approach']"
9684,"['tend', 'much', 'judgmental', 'approach']","""There tends to be a much more judgmental approach to women.",Noun,3,approach,"['tend', 'much', 'judgmental', 'UNK']"
9512,"['terrify', 'pace', 'play', 'well', 'together', 'also', 'score', 'twice', 'lennon croats steven gerrard frank lampard']","Aaron Lennon terrified the Croats with his pace, Steven Gerrard and Frank Lampard not only played well together, but both also scored twice.",Noun,1,pace,"['terrify', 'UNK', 'play', 'well', 'together', 'also', 'score', 'twice', 'lennon croats steven gerrard frank lampard']"
16786,"['third', 'time', 'house', 'flood', 'four', 'year']",This is the third time her house has flooded in four years.,Verb,3,flood,"['third', 'time', 'house', 'UNK', 'four', 'year']"
16786,"['third', 'time', 'house', 'flood', 'four', 'year']",This is the third time her house has flooded in four years.,Noun,2,house,"['third', 'time', 'UNK', 'flood', 'four', 'year']"
16786,"['third', 'time', 'house', 'flood', 'four', 'year']",This is the third time her house has flooded in four years.,Adjective,,,"['third', 'UNK', 'house', 'flood', 'four', 'year']"
16562,"['tour', 'go', 'little', 'tribute', 'sure', 'love', 'singing']","""On tour I'm going to do a little tribute to him for sure, because I love singing Jackson.",Verb,5,singing,"['tour', 'go', 'little', 'tribute', 'sure', 'love', 'UNK']"
16562,"['tour', 'go', 'little', 'tribute', 'sure', 'love', 'singing']","""On tour I'm going to do a little tribute to him for sure, because I love singing Jackson.",Noun,0,tour,"['UNK', 'go', 'little', 'tribute', 'sure', 'love', 'singing']"
11159,"['value', 'president', 'responsible', 'approach', 'say', 'us']","""We value the US president's responsible approach,"" he said.",Verb,0,value,"['UNK', 'president', 'responsible', 'approach', 'say', 'us']"
11159,"['value', 'president', 'responsible', 'approach', 'say', 'us']","""We value the US president's responsible approach,"" he said.",Noun,1,president,"['value', 'UNK', 'responsible', 'approach', 'say', 'us']"
11159,"['value', 'president', 'responsible', 'approach', 'say', 'us']","""We value the US president's responsible approach,"" he said.",Adjective,,,"['value', 'president', 'responsible', 'UNK', 'say', 'us']"
128,"['want', 'question', 'still', 'love', 'would', 'promote', 'album', 'unhappy', 'mean', 'happily', 'marry']","""What I want to question is, if he was still in love with me, how would he be promoting his album if he was so unhappy, and we were meant to be happily married?",Verb,0,want,"['UNK', 'question', 'still', 'love', 'would', 'promote', 'album', 'unhappy', 'mean', 'happily', 'marry']"
128,"['want', 'question', 'still', 'love', 'would', 'promote', 'album', 'unhappy', 'mean', 'happily', 'marry']","""What I want to question is, if he was still in love with me, how would he be promoting his album if he was so unhappy, and we were meant to be happily married?",Noun,1,question,"['want', 'UNK', 'still', 'love', 'would', 'promote', 'album', 'unhappy', 'mean', 'happily', 'marry']"
17113,"['way', 'think', 'give', 'little', 'bit', 'credibility', 'give', 'u', 'little', 'bit', 'celebrity']","""The way we think about it is we gave her a little bit of our credibility and she gave us a little bit of her celebrity.",Verb,1,think,"['way', 'UNK', 'give', 'little', 'bit', 'credibility', 'give', 'u', 'little', 'bit', 'celebrity']"
17113,"['way', 'think', 'give', 'little', 'bit', 'credibility', 'give', 'u', 'little', 'bit', 'celebrity']","""The way we think about it is we gave her a little bit of our credibility and she gave us a little bit of her celebrity.",Noun,4,credibility,"['way', 'think', 'give', 'little', 'bit', 'UNK', 'give', 'u', 'little', 'bit', 'celebrity']"
17113,"['way', 'think', 'give', 'little', 'bit', 'credibility', 'give', 'u', 'little', 'bit', 'celebrity']","""The way we think about it is we gave her a little bit of our credibility and she gave us a little bit of her celebrity.",Adjective,,,"['way', 'think', 'give', 'little', 'UNK', 'credibility', 'give', 'u', 'little', 'bit', 'celebrity']"
8563,"['year', 'music', 'business', 'british', 'soul', 'singer', 'back', 'promote', 'second', 'album']","After more than a year out of the music business, British soul singer Corinne Bailey Rae is back to promote her second album.",Verb,7,promote,"['year', 'music', 'business', 'british', 'soul', 'singer', 'back', 'UNK', 'second', 'album']"
8563,"['year', 'music', 'business', 'british', 'soul', 'singer', 'back', 'promote', 'second', 'album']","After more than a year out of the music business, British soul singer Corinne Bailey Rae is back to promote her second album.",Noun,2,business,"['year', 'music', 'UNK', 'british', 'soul', 'singer', 'back', 'promote', 'second', 'album']"
8563,"['year', 'music', 'business', 'british', 'soul', 'singer', 'back', 'promote', 'second', 'album']","After more than a year out of the music business, British soul singer Corinne Bailey Rae is back to promote her second album.",Adjective,,,"['UNK', 'music', 'business', 'british', 'soul', 'singer', 'back', 'promote', 'second', 'album']"
19103,"['year', 'old', 'insist', 'prepare', 'dilute', 'style', 'make', 'le', 'intense', 'follow', 'trend', 'thing', 'say']","""The 33-year-old insisted he wasn't prepared to dilute his style or make it less intense: ""If we just follow trends then we're all doing the same thing,"" he said.",Verb,2,insist,"['year', 'old', 'UNK', 'prepare', 'dilute', 'style', 'make', 'le', 'intense', 'follow', 'trend', 'thing', 'say']"
19103,"['year', 'old', 'insist', 'prepare', 'dilute', 'style', 'make', 'le', 'intense', 'follow', 'trend', 'thing', 'say']","""The 33-year-old insisted he wasn't prepared to dilute his style or make it less intense: ""If we just follow trends then we're all doing the same thing,"" he said.",Noun,5,style,"['year', 'old', 'insist', 'prepare', 'dilute', 'UNK', 'make', 'le', 'intense', 'follow', 'trend', 'thing', 'say']"
19103,"['year', 'old', 'insist', 'prepare', 'dilute', 'style', 'make', 'le', 'intense', 'follow', 'trend', 'thing', 'say']","""The 33-year-old insisted he wasn't prepared to dilute his style or make it less intense: ""If we just follow trends then we're all doing the same thing,"" he said.",Adjective,,,"['year', 'old', 'insist', 'prepare', 'UNK', 'style', 'make', 'le', 'intense', 'follow', 'trend', 'thing', 'say']"
1426,"['year', 'old', 'kill', 'bomb']",Colin Parry's 12-year-old son was killed by an IRA bomb in Warrington.,Verb,2,kill,"['year', 'old', 'UNK', 'bomb']"
1426,"['year', 'old', 'kill', 'bomb']",Colin Parry's 12-year-old son was killed by an IRA bomb in Warrington.,Noun,0,year,"['UNK', 'old', 'kill', 'bomb']"
1426,"['year', 'old', 'kill', 'bomb']",Colin Parry's 12-year-old son was killed by an IRA bomb in Warrington.,Adjective,,,"['year', 'old', 'UNK', 'bomb']"
1763,"['year', 'younger', 'say']","""They're only a few years younger than me myself,"" she said.",Verb,2,say,"['year', 'younger', 'UNK']"
1763,"['year', 'younger', 'say']","""They're only a few years younger than me myself,"" she said.",Noun,0,year,"['UNK', 'younger', 'say']"
1763,"['year', 'younger', 'say']","""They're only a few years younger than me myself,"" she said.",Adjective,,,"['UNK', 'younger', 'say']"
9365,"['zoom', 'past', 'marine', 'moped', 'afghan']",An Afghan man zooms past the marines on his moped.,Verb,0,zoom,"['UNK', 'past', 'marine', 'moped', 'afghan']"
9365,"['zoom', 'past', 'marine', 'moped', 'afghan']",An Afghan man zooms past the marines on his moped.,Noun,2,marine,"['zoom', 'past', 'UNK', 'moped', 'afghan']"
9365,"['zoom', 'past', 'marine', 'moped', 'afghan']",An Afghan man zooms past the marines on his moped.,Adjective,,,"['zoom', 'past', 'marine', 'moped', 'UNK']"
