verb,agency,power
abandons,agency_pos,power_agent
abolishes,agency_pos,power_agent
absorbs,agency_pos,power_agent
abuses,agency_pos,power_agent
accelerates,agency_pos,power_agent
accepts,agency_neg,power_agent
accesses,agency_equal,power_agent
accommodates,agency_pos,power_equal
accomplishes,agency_pos,power_equal
accords,agency_pos,power_agent
accounts,agency_equal,power_agent
accumulates,agency_equal,power_agent
accuses,agency_pos,power_agent
aches,agency_neg,
acknowledges,agency_neg,power_agent
acquaints,agency_pos,power_agent
acquires,agency_pos,power_agent
acquits,agency_pos,power_agent
activates,agency_pos,power_agent
acts,agency_pos,
adapts,agency_pos,power_agent
addresses,agency_neg,power_equal
adds,agency_pos,power_agent
adjoins,agency_pos,power_agent
adjusts,agency_pos,power_agent
administers,agency_pos,power_agent
adopts,agency_pos,power_agent
advances,agency_pos,power_agent
advertises,agency_equal,power_agent
advises,agency_pos,power_agent
advocates,agency_pos,power_equal
affects,agency_pos,power_agent
affirms,agency_pos,power_agent
affixes,agency_pos,power_agent
affords,agency_equal,power_agent
ages,agency_neg,
agonizes,agency_neg,
agrees,agency_equal,
agrees on,agency_pos,power_equal
aids,agency_pos,power_agent
aims,agency_pos,power_equal
alarms,agency_pos,power_agent
alerts,agency_pos,power_agent
alleges,agency_pos,power_agent
allows,agency_pos,power_agent
alters,agency_pos,power_agent
ambles,agency_pos,
amends,agency_pos,power_agent
analyzes,agency_neg,power_equal
anchors,agency_pos,power_agent
angers,agency_equal,power_equal
angles,agency_equal,
animates,agency_equal,power_equal
annoys,agency_pos,power_agent
anticipates,agency_pos,power_equal
appals,agency_equal,power_agent
appears,agency_pos,
applies,agency_pos,power_agent
applies to,agency_neg,power_equal
appoints,agency_pos,power_agent
appraises,agency_pos,power_agent
appreciates,agency_neg,power_equal
approaches,agency_pos,power_equal
approves,agency_pos,power_agent
arches,agency_pos,power_agent
arcs,agency_pos,power_agent
argues,agency_pos,power_equal
arises,agency_pos,
arms,agency_pos,power_agent
arouses,agency_pos,power_agent
arranges,agency_pos,power_agent
arrests,agency_pos,power_agent
arrives,agency_equal,
assails,agency_pos,power_agent
assaults,agency_pos,power_agent
assembles,agency_pos,power_equal
asserts,agency_pos,power_agent
assesses,agency_pos,power_equal
assigns,agency_pos,power_agent
associates,agency_pos,power_equal
assumes,agency_neg,power_agent
assures,agency_pos,power_agent
astonishes,agency_pos,power_agent
attaches,agency_pos,power_agent
attaches to,agency_pos,power_agent
attacks,agency_pos,power_agent
attempts,agency_pos,power_equal
attracts,agency_equal,power_equal
attributes,agency_neg,power_agent
authorizes,agency_pos,power_agent
averts,agency_pos,power_agent
avoids,agency_pos,power_agent
awakens,agency_pos,power_agent
awakes,agency_pos,
awards,agency_pos,power_agent
babbles,agency_pos,power_equal
backhands,agency_pos,power_agent
backs,agency_pos,power_equal
baffles,agency_pos,power_agent
bags,agency_pos,power_agent
bails,agency_pos,power_agent
bakes,agency_pos,power_agent
balances,agency_pos,power_equal
balds,agency_neg,
balls,agency_pos,power_agent
bandages,agency_pos,power_agent
bangs,agency_pos,power_agent
banks,agency_pos,
bans,agency_pos,power_agent
barks,agency_equal,power_equal
barrels,agency_pos,power_agent
bars,agency_pos,power_agent
bases,agency_pos,power_equal
bashes,agency_pos,power_agent
baths,agency_pos,power_agent
bats,agency_pos,power_agent
batters,agency_pos,power_agent
battles,agency_pos,power_agent
bawls,agency_equal,
beams,agency_pos,
bears,agency_pos,power_equal
beats,agency_pos,power_agent
beckons,agency_pos,power_agent
beeps,agency_pos,power_equal
begins,agency_pos,power_equal
behaves,agency_equal,
belches,agency_pos,
bellows,agency_pos,power_agent
belts,agency_pos,power_agent
bends,agency_pos,power_agent
besieges,agency_pos,power_agent
betrays,agency_pos,power_agent
bets,agency_pos,power_equal
betters,agency_pos,power_agent
bewilders,agency_equal,power_agent
bids,agency_equal,power_agent
billows,agency_pos,
binds,agency_pos,power_agent
bites,agency_pos,power_agent
blackens,agency_pos,power_agent
blackmails,agency_pos,power_agent
blames,agency_pos,power_agent
blanches,agency_pos,
blares,agency_equal,power_equal
blasts,agency_pos,power_agent
blazes,agency_equal,
bleaches,agency_pos,power_agent
bleeds,agency_neg,
blends,agency_pos,power_agent
blesses,agency_pos,power_equal
blinds,agency_pos,power_agent
blinks,agency_equal,
blocks,agency_pos,power_agent
bloodies,agency_pos,power_agent
blots,agency_pos,power_agent
blows,agency_pos,
blurs,agency_pos,power_agent
blurts,agency_pos,power_equal
blushes,agency_neg,
boards,agency_pos,power_agent
boasts,agency_pos,power_agent
bobs,agency_equal,
boils,agency_pos,power_agent
bolts,agency_pos,
bombs,agency_pos,power_agent
bones,agency_pos,power_agent
books,agency_pos,power_equal
booms,agency_pos,
boosts,agency_pos,power_agent
boots,agency_pos,power_agent
borders,agency_neg,power_equal
bores,agency_equal,power_equal
borrows,agency_pos,power_agent
bothers,agency_pos,power_equal
bounces,agency_pos,
bounds,agency_pos,power_agent
bowls,agency_pos,
bows,agency_pos,
boxes,agency_pos,power_agent
braces,agency_pos,power_agent
brakes,agency_pos,
brandishes,agency_pos,power_equal
breaks,agency_pos,power_agent
breathes,agency_neg,
breeds,agency_pos,power_agent
brightens,agency_pos,power_agent
brims,agency_pos,
brings,agency_pos,power_agent
bristles,agency_equal,
broadcasts,agency_pos,power_agent
broadens,agency_pos,power_equal
broods,agency_neg,
bruises,agency_pos,power_agent
bubbles,agency_pos,
buckles up,agency_pos,power_agent
bucks,agency_pos,power_agent
budges,agency_pos,
buffets,agency_pos,power_agent
bugs,agency_pos,power_equal
builds,agency_pos,power_agent
bulges,agency_neg,
bumps,agency_pos,power_agent
bundles,agency_pos,power_equal
buries,agency_pos,power_agent
burns,agency_pos,power_agent
burrows,agency_pos,
bursts,agency_pos,power_agent
bustles,agency_pos,
busts,agency_pos,power_agent
buttons,agency_equal,power_agent
buys,agency_pos,power_agent
buzzes,agency_pos,
cages,agency_pos,power_agent
cakes,agency_pos,
calculates,agency_pos,power_equal
calms,agency_pos,power_equal
camps,agency_pos,
cancels,agency_pos,power_agent
caps,agency_pos,power_agent
captures,agency_pos,power_agent
careens,agency_pos,
cares,agency_pos,power_equal
caresses,agency_pos,power_equal
carries,agency_pos,power_agent
carves,agency_pos,power_agent
cascades,agency_pos,
cashes,agency_pos,power_agent
casts,agency_pos,power_agent
catches,agency_pos,power_agent
causes,agency_pos,power_agent
cautions,agency_equal,power_agent
caves,agency_neg,
ceases,agency_neg,power_agent
centers,agency_pos,power_agent
centers on,agency_pos,power_equal
chains,agency_pos,power_agent
chalks,agency_pos,power_agent
challenges,agency_pos,power_agent
changes,agency_pos,power_agent
characterizes,agency_equal,power_agent
charges,agency_pos,power_agent
charms,agency_pos,power_agent
chars,agency_pos,power_agent
chats,agency_pos,
chatters,agency_pos,
cheats,agency_pos,power_agent
checks,agency_equal,power_agent
chews,agency_pos,power_agent
chills,agency_equal,power_agent
chimes,agency_neg,
chips,agency_pos,power_agent
chirps,agency_equal,
chokes,agency_pos,power_agent
chooses,agency_pos,power_agent
chops,agency_pos,power_agent
chuckles,agency_pos,
chucks,agency_pos,power_agent
chugs,agency_pos,power_agent
churns,agency_pos,power_equal
circles,agency_pos,power_agent
circulates,agency_pos,power_agent
claims,agency_pos,power_agent
clambers,agency_pos,
clamps,agency_pos,power_agent
claps,agency_pos,power_equal
clarifies,agency_pos,power_equal
clasps,agency_pos,power_agent
classifies,agency_pos,power_agent
clatters,agency_pos,
claws,agency_pos,power_agent
cleans,agency_pos,power_agent
cleanses,agency_pos,power_agent
clears,agency_pos,power_agent
clenches,agency_pos,power_agent
clicks,agency_pos,power_agent
climbs,agency_pos,power_equal
clinks,agency_equal,
clips,agency_pos,power_agent
cloaks,agency_equal,power_agent
clocks,agency_neg,power_agent
clogs,agency_pos,power_agent
closes,agency_pos,power_agent
clothes,agency_pos,power_agent
clouds,agency_pos,power_agent
clusters,agency_pos,power_agent
clutches,agency_pos,power_equal
clutters,agency_pos,power_agent
coats,agency_pos,power_agent
coaxes,agency_pos,power_equal
coils,agency_pos,power_agent
collapses,agency_pos,power_agent
collides,agency_pos,
collides with,agency_pos,power_agent
colors,agency_pos,power_equal
combines,agency_pos,power_agent
combs,agency_pos,power_agent
comes,agency_pos,
comforts,agency_pos,power_agent
commands,agency_pos,power_agent
commences,agency_pos,power_agent
comments,agency_pos,power_equal
commissions,agency_pos,power_agent
commits,agency_pos,power_agent
communicates,agency_equal,power_agent
compares,agency_equal,power_equal
compels,agency_pos,power_agent
competes,agency_pos,
complains,agency_pos,
completes,agency_pos,power_equal
complicates,agency_pos,power_equal
complies,agency_pos,
composes,agency_pos,power_agent
compromises,agency_pos,power_equal
conceals,agency_pos,power_equal
conceives,agency_pos,power_agent
concerns,agency_equal,power_equal
concludes,agency_pos,power_agent
condemns,agency_pos,power_agent
conducts,agency_pos,power_agent
confers,agency_pos,power_equal
confesses,agency_pos,power_equal
confines,agency_pos,power_agent
confirms,agency_pos,power_equal
confiscates,agency_pos,power_agent
confronts,agency_pos,power_equal
confuses,agency_pos,power_agent
connects,agency_pos,power_agent
conquers,agency_pos,power_agent
considers,agency_neg,power_equal
consoles,agency_pos,power_equal
constructs,agency_pos,power_agent
consumes,agency_pos,power_agent
contacts,agency_pos,power_equal
contains,agency_pos,power_agent
contaminates,agency_equal,power_agent
contemplates,agency_neg,power_equal
contests,agency_pos,power_agent
continues,agency_pos,power_equal
contorts,agency_pos,power_agent
contradicts,agency_pos,power_agent
contrasts,agency_pos,power_equal
controls,agency_pos,power_agent
convenes,agency_pos,power_agent
converges,agency_equal,
converses,agency_pos,
converts,agency_pos,power_agent
conveys,agency_pos,power_agent
convicts,agency_pos,power_agent
convinces,agency_pos,power_agent
convulses,agency_pos,power_agent
cooks,agency_pos,power_equal
cools,agency_neg,power_equal
cooperates,agency_equal,
coordinates,agency_pos,power_agent
cops,agency_pos,power_agent
corners,agency_pos,power_agent
corrects,agency_pos,power_agent
corresponds,agency_neg,
corresponds with,agency_equal,power_equal
costs,agency_pos,power_agent
coughs,agency_equal,
counters,agency_pos,power_agent
counts,agency_equal,power_equal
courses,agency_equal,
courts,agency_equal,power_equal
covers,agency_pos,power_agent
cowers,agency_neg,
crackles,agency_pos,power_agent
cracks,agency_pos,power_agent
cradles,agency_pos,power_agent
cranes,agency_pos,power_equal
cranks,agency_pos,power_agent
crashes,agency_pos,power_agent
crawls,agency_pos,
creaks,agency_equal,
creates,agency_pos,power_agent
creeps,agency_equal,
crests,agency_equal,
cries,agency_equal,
cringes,agency_neg,
criticizes,agency_pos,power_agent
crops,agency_pos,power_agent
crosses,agency_pos,power_agent
crosses out,agency_pos,power_agent
crouches,agency_neg,
crowds,agency_pos,power_agent
crows,agency_pos,
crucifies,agency_pos,power_agent
cruises,agency_pos,
crumbles,agency_neg,
crumples,agency_pos,
crunches,agency_pos,power_agent
crushes,agency_pos,power_agent
cuddles,agency_equal,
cuffs,agency_pos,power_agent
cultivates,agency_pos,power_agent
cups,agency_pos,power_agent
cures,agency_pos,power_agent
curls,agency_pos,power_agent
curses,agency_equal,power_agent
curtains,agency_pos,power_equal
curves,agency_neg,
cuts,agency_pos,power_agent
dabs,agency_pos,power_equal
damages,agency_pos,power_agent
dances,agency_pos,
dangles,agency_pos,power_agent
dares,agency_pos,power_agent
darkens,agency_equal,power_equal
darts,agency_pos,
dashes,agency_pos,
dates,agency_pos,power_equal
dawns,agency_neg,
dazzles,agency_pos,power_agent
deafens,agency_pos,power_agent
deals,agency_pos,power_agent
debates,agency_pos,power_equal
decapitates,agency_pos,power_agent
decays,agency_neg,
decides,agency_pos,power_agent
decks,agency_pos,power_equal
declares,agency_pos,power_equal
declines,agency_pos,power_agent
decorates,agency_pos,power_equal
decreases,agency_pos,power_agent
dedicates,agency_pos,power_equal
deems,agency_pos,power_agent
deepens,agency_pos,power_equal
defeats,agency_pos,power_agent
defends,agency_pos,power_agent
defies,agency_pos,power_agent
defines,agency_pos,power_equal
deflates,agency_pos,power_agent
deflects,agency_pos,power_agent
delays,agency_pos,power_agent
delivers,agency_pos,power_agent
demands,agency_pos,power_agent
demolishes,agency_pos,power_agent
demonstrates,agency_pos,power_agent
denies,agency_pos,power_agent
denounces,agency_pos,power_agent
dents,agency_pos,power_agent
depends,agency_neg,
depicts,agency_pos,power_agent
deploys,agency_pos,power_agent
deposes,agency_pos,power_agent
deposits,agency_pos,power_agent
depresses,agency_equal,power_agent
deprives,agency_pos,power_agent
derives,agency_pos,power_equal
descends,agency_pos,
describes,agency_pos,power_equal
deserts,agency_pos,power_agent
deserves,agency_neg,power_equal
designates,agency_pos,power_agent
designs,agency_pos,power_agent
despises,agency_pos,power_equal
destroys,agency_pos,power_agent
detaches,agency_pos,power_agent
detains,agency_pos,power_agent
determines,agency_pos,power_agent
deters,agency_pos,power_agent
detonates,agency_pos,power_agent
devastates,agency_pos,power_agent
develops,agency_pos,power_agent
devises,agency_pos,power_agent
devotes,agency_pos,power_equal
devours,agency_pos,
diagnoses,agency_pos,power_agent
dials,agency_pos,power_agent
dictates,agency_pos,power_agent
dies,agency_neg,
digests,agency_pos,power_agent
digs,agency_pos,power_agent
diminishes,agency_pos,power_agent
dims,agency_pos,power_agent
dips,agency_pos,power_agent
directs,agency_pos,power_agent
disagrees,agency_pos,
disappears,agency_pos,
disapproves of,agency_equal,power_agent
disarms,agency_pos,power_agent
disbelieves,agency_pos,power_agent
discards,agency_pos,power_agent
discharges,agency_pos,power_agent
discloses,agency_pos,power_equal
disconnects,agency_pos,power_agent
discourages,agency_pos,power_agent
discovers,agency_pos,power_agent
discusses,agency_pos,power_equal
disengages,agency_pos,power_agent
disguises,agency_pos,power_agent
disgusts,agency_neg,power_equal
dishevels,agency_pos,power_agent
disintegrates,agency_pos,power_agent
dislodges,agency_pos,power_agent
dismantles,agency_pos,power_agent
dismisses,agency_pos,power_agent
dismounts,agency_pos,
disorients,agency_pos,power_agent
dispatches,agency_pos,power_agent
dispenses,agency_pos,power_agent
disperses,agency_pos,power_agent
displaces,agency_pos,power_agent
displays,agency_equal,power_agent
disposes,agency_pos,power_agent
disputes,agency_pos,power_agent
disrupts,agency_pos,power_agent
dissipates,agency_pos,power_agent
dissolves,agency_pos,power_agent
distinguishes,agency_pos,power_agent
distorts,agency_pos,power_agent
distracts,agency_pos,power_agent
distributes,agency_pos,power_agent
disturbs,agency_pos,power_equal
ditches,agency_pos,power_agent
diverts,agency_pos,power_agent
dives,agency_pos,
divides,agency_pos,power_agent
divorces,agency_pos,power_agent
docks,agency_pos,power_agent
documents,agency_pos,power_equal
dodges,agency_pos,power_agent
does,agency_pos,power_agent
dogs,agency_equal,power_agent
dominates,agency_pos,power_agent
dons,agency_pos,power_agent
dooms,agency_pos,power_agent
dots,agency_pos,power_agent
doubles,agency_pos,power_agent
doubts,agency_neg,power_agent
douses,agency_pos,power_agent
downs,agency_pos,power_agent
dozes,agency_neg,
drafts,agency_pos,power_agent
drags,agency_pos,power_agent
drains,agency_pos,power_agent
drapes,agency_pos,power_agent
draws,agency_pos,power_agent
drenches,agency_pos,power_agent
dresses,agency_pos,power_agent
dribbles,agency_pos,power_agent
dries,agency_pos,power_agent
drifts,agency_equal,
drills,agency_pos,power_agent
drinks,agency_pos,power_agent
drips,agency_pos,power_equal
drives,agency_pos,power_agent
drools,agency_neg,
droops,agency_neg,
drops,agency_pos,power_agent
drowns,agency_pos,power_agent
drugs,agency_pos,power_agent
drums,agency_pos,
dumps,agency_pos,power_agent
dusts,agency_pos,power_agent
dwarfs,agency_neg,power_agent
earns,agency_pos,power_equal
eases,agency_pos,power_equal
eats,agency_pos,power_agent
echos,agency_equal,
edges,agency_pos,power_agent
edits,agency_pos,power_agent
educates,agency_pos,power_agent
ejects,agency_pos,power_agent
elbows,agency_pos,power_agent
elects,agency_pos,power_agent
elevates,agency_pos,power_equal
eliminates,agency_pos,power_agent
emanates,agency_pos,power_agent
embarrasses,agency_pos,power_equal
embeds,agency_pos,power_equal
emblazons,agency_pos,power_agent
embraces,agency_pos,power_agent
embroiders,agency_pos,power_agent
emerges,agency_pos,
emphasizes,agency_pos,power_agent
employs,agency_pos,power_agent
empties,agency_pos,power_agent
enables,agency_pos,power_agent
enacts,agency_pos,power_equal
encases,agency_pos,power_agent
encircles,agency_pos,power_agent
encloses,agency_equal,power_agent
encounters,agency_neg,power_equal
encourages,agency_pos,power_agent
endangers,agency_equal,power_equal
endorses,agency_pos,power_equal
ends,agency_pos,power_agent
engages,agency_pos,power_agent
engraves,agency_pos,power_agent
engrosses,agency_pos,power_agent
engulfs,agency_pos,power_agent
enhances,agency_pos,power_agent
enlists,agency_pos,power_agent
enrages,agency_pos,power_agent
enriches,agency_pos,power_agent
ensures,agency_pos,power_agent
enters,agency_pos,power_agent
entitles,agency_equal,power_agent
envelops,agency_pos,power_agent
envisions,agency_equal,power_agent
equips,agency_pos,power_agent
erases,agency_pos,power_agent
erects,agency_pos,power_agent
erodes,agency_pos,power_agent
erupts,agency_pos,
escalates,agency_pos,power_agent
escapes,agency_pos,power_equal
escorts,agency_pos,power_agent
establishes,agency_pos,power_agent
estimates,agency_neg,power_equal
etches,agency_pos,power_agent
evacuates,agency_pos,power_agent
evaluates,agency_pos,power_agent
evolves,agency_pos,
exaggerates,agency_pos,power_equal
examines,agency_equal,power_agent
exasperates,agency_pos,power_agent
exceeds,agency_pos,power_agent
exchanges,agency_pos,power_agent
excites,agency_pos,power_equal
excludes,agency_pos,power_agent
excuses,agency_equal,power_agent
executes,agency_pos,power_agent
exercises,agency_pos,power_agent
exerts,agency_pos,power_agent
exhales,agency_pos,power_agent
exhausts,agency_pos,power_agent
exists,agency_neg,
exits,agency_pos,power_equal
expands,agency_pos,power_agent
expects,agency_neg,power_agent
expels,agency_pos,power_agent
explodes,agency_pos,
exploits,agency_pos,power_agent
explores,agency_pos,power_agent
exposes,agency_pos,power_agent
expresses,agency_equal,power_agent
extends,agency_pos,power_agent
extinguishes,agency_pos,power_agent
extracts,agency_pos,power_agent
eyes,agency_equal,power_agent
faces,agency_neg,power_equal
fades,agency_neg,
fails,agency_neg,power_agent
faints,agency_neg,
fakes,agency_pos,power_equal
fakes out,agency_pos,power_agent
falls,agency_pos,
falters,agency_neg,
farts,agency_neg,
fascinates,agency_neg,power_agent
fashions,agency_pos,power_agent
fastens,agency_pos,power_agent
fasts,agency_pos,
favors,agency_pos,power_equal
features,agency_neg,power_agent
feeds,agency_pos,power_agent
feels,agency_equal,power_equal
fees,agency_equal,power_agent
feigns,agency_pos,power_equal
fences,agency_pos,power_agent
fends off,agency_pos,power_equal
fetches,agency_pos,power_agent
fiddles,agency_equal,
fidgets,agency_equal,
fights,agency_pos,power_equal
figures,agency_pos,power_equal
files,agency_pos,power_equal
films,agency_pos,power_equal
filters,agency_pos,power_agent
finances,agency_pos,power_agent
finds,agency_equal,power_equal
fingers,agency_pos,power_agent
finishes,agency_pos,power_equal
fires,agency_pos,power_agent
fires at,agency_pos,power_agent
fishtails,agency_equal,power_agent
fits,agency_pos,power_agent
fixes,agency_pos,power_agent
flags,agency_pos,power_agent
flails,agency_equal,
flames,agency_pos,
flanks,agency_pos,power_equal
flaps,agency_neg,
flares,agency_pos,
flashes,agency_equal,
flattens,agency_pos,power_agent
flees,agency_pos,
flexes,agency_pos,power_agent
flickers,agency_equal,
flicks,agency_pos,power_agent
flies,agency_pos,
flinches,agency_neg,
flings,agency_pos,power_agent
flips,agency_pos,
flirts,agency_pos,
floats,agency_neg,
floods,agency_pos,power_agent
floors,agency_pos,power_equal
flops,agency_pos,
flows,agency_neg,
flushes,agency_pos,power_agent
flutters,agency_pos,
focuses,agency_pos,
folds,agency_pos,power_agent
fondles,agency_pos,power_agent
fools,agency_pos,power_agent
forbids,agency_pos,power_agent
forces,agency_pos,power_agent
forges,agency_pos,power_agent
forgets,agency_neg,power_agent
forgives,agency_pos,power_agent
forms,agency_pos,power_agent
fosters,agency_equal,power_agent
founds,agency_pos,power_agent
frames,agency_pos,power_equal
freaks out,agency_equal,
frees,agency_pos,power_agent
freezes,agency_pos,power_agent
fries,agency_pos,power_agent
frightens,agency_pos,power_agent
frisks,agency_pos,power_agent
fronts,agency_pos,power_agent
frowns,agency_pos,
frustrates,agency_pos,power_equal
fuels,agency_equal,power_agent
fulfills,agency_pos,power_equal
fumbles,agency_equal,
fumes,agency_pos,
functions,agency_pos,
furnishes,agency_pos,power_agent
furrows,agency_equal,power_agent
gags,agency_pos,power_agent
gags on,agency_neg,power_agent
gains,agency_pos,power_agent
gallops,agency_pos,
gambles,agency_pos,
gaps,agency_pos,power_agent
gasps,agency_equal,
gathers,agency_pos,power_agent
gauges,agency_pos,power_equal
gawks,agency_equal,
gazes,agency_equal,
generates,agency_pos,power_agent
gestures,agency_equal,power_agent
gets,agency_pos,power_agent
giggles,agency_pos,
gives,agency_pos,power_agent
glances,agency_neg,
glares,agency_pos,
glazes,agency_pos,power_agent
gleams,agency_neg,
glides,agency_equal,
glimpses,agency_neg,power_agent
glints,agency_equal,
glistens,agency_neg,
glitters,agency_neg,
glowers,agency_equal,
glows,agency_neg,
glues,agency_pos,power_agent
gnaws,agency_pos,power_agent
goes,,power_equal
gos,agency_equal,
gouges,agency_pos,power_agent
governs,agency_pos,power_agent
grabs,agency_pos,power_agent
graduates,agency_pos,
grants,agency_pos,power_agent
grapples with,agency_pos,power_equal
grasps,agency_equal,power_agent
grazes,agency_pos,power_agent
grills,agency_pos,power_agent
grimaces,agency_neg,
grinds,agency_pos,power_agent
grins,agency_pos,
grips,agency_pos,power_agent
grits,agency_pos,power_agent
groans,agency_pos,
grooms,agency_pos,power_agent
gropes,agency_pos,power_agent
grounds,agency_pos,power_agent
groups,agency_pos,power_agent
growls,agency_pos,
grows,agency_pos,
grumbles,agency_pos,
grunts,agency_pos,
guarantees,agency_pos,power_agent
guesses,agency_neg,power_equal
guides,agency_pos,power_agent
gulps,agency_pos,power_agent
gushes,agency_equal,
gyrates,agency_pos,
hacks,agency_pos,power_agent
halts,agency_pos,power_agent
hammers,agency_pos,power_agent
hampers,agency_pos,power_agent
handcuffs,agency_pos,power_agent
handles,agency_pos,power_agent
hands,agency_pos,power_agent
hangs,agency_pos,power_agent
happens,agency_neg,
harasses,agency_pos,power_agent
hardens,agency_pos,power_equal
harms,agency_pos,power_agent
hauls,agency_pos,power_equal
haunts,agency_neg,power_agent
haves,agency_neg,power_agent
heads,agency_pos,
heals,agency_pos,power_agent
heaps,agency_pos,power_agent
heats,agency_pos,power_agent
heaves,agency_pos,power_agent
hefts,agency_pos,power_agent
heightens,agency_pos,power_agent
helps,agency_pos,power_equal
herds,agency_pos,power_agent
hesitates,agency_neg,
hides,agency_pos,power_agent
highlights,agency_pos,power_equal
hikes,agency_equal,power_equal
hires,agency_pos,power_agent
hisses,agency_pos,
hitches,agency_pos,power_agent
hits,agency_pos,power_agent
hobbles,agency_pos,
hoists,agency_pos,power_equal
holds,agency_pos,power_agent
hollers,agency_pos,power_agent
honks,agency_pos,
hooks,agency_pos,power_agent
hops,agency_pos,
horrifies,agency_equal,power_agent
houses,agency_pos,power_agent
hovers,agency_pos,
howls,agency_pos,
huddles,agency_pos,
huffs,agency_pos,
hugs,agency_pos,power_agent
humiliates,agency_pos,power_agent
hums,agency_pos,power_agent
hunches,agency_neg,
hunts,agency_pos,power_agent
hurls,agency_pos,power_agent
hurries,agency_pos,power_agent
hurtles,agency_pos,power_agent
hurts,agency_pos,power_agent
hushes,agency_pos,power_agent
hustles,agency_pos,power_agent
hyperventilates,agency_equal,power_agent
hypnotizes,agency_pos,power_agent
ices,agency_pos,power_agent
identifies,agency_pos,power_agent
idles,agency_neg,
ignites,agency_pos,power_agent
ignores,agency_pos,power_agent
illuminates,agency_pos,power_equal
illustrates,agency_pos,power_equal
imagines,agency_equal,power_equal
immerses,agency_pos,power_agent
immobilizes,agency_pos,power_agent
impales,agency_pos,power_agent
implements,agency_pos,power_agent
implies,agency_neg,power_agent
imposes,agency_pos,power_agent
impresses,agency_neg,power_equal
improves,agency_pos,power_agent
improvises,agency_pos,
inches,agency_equal,
includes,agency_pos,power_agent
increases,agency_pos,power_agent
indicates,agency_pos,power_equal
induces,agency_pos,power_agent
infects,agency_pos,power_equal
inflicts,agency_pos,power_agent
influences,agency_pos,power_agent
informs,agency_pos,power_agent
inhales,agency_equal,power_agent
inherits,agency_neg,power_agent
initiates,agency_pos,power_agent
injects,agency_pos,power_agent
injures,agency_pos,power_agent
inserts,agency_pos,power_agent
insists,agency_pos,power_agent
insists on,agency_pos,power_agent
inspects,agency_pos,power_agent
inspires,agency_pos,power_agent
installs,agency_pos,power_agent
instals,agency_pos,power_agent
instructs,agency_pos,power_agent
insults,agency_pos,power_agent
insures,agency_pos,power_agent
integrates,agency_pos,power_agent
intends,agency_neg,power_equal
intensifies,agency_pos,power_agent
intercepts,agency_pos,power_agent
interferes,agency_pos,
interprets,agency_pos,power_equal
interrogates,agency_pos,power_agent
interrupts,agency_pos,power_agent
intersects,agency_equal,power_equal
intervenes,agency_pos,
interviews,agency_pos,power_equal
intimidates,agency_pos,power_agent
intrigues,agency_neg,power_agent
introduces,agency_pos,power_agent
intrudes,agency_pos,
invades,agency_pos,power_agent
invents,agency_pos,power_agent
investigates,agency_pos,power_agent
invests,agency_pos,power_agent
invites,agency_equal,power_agent
invokes,agency_pos,power_agent
involves,agency_pos,power_agent
irritates,agency_pos,power_agent
isolates,agency_equal,power_agent
issues,agency_pos,power_agent
jabs,agency_pos,power_agent
jams,agency_pos,power_agent
jars,agency_pos,power_agent
jiggles,agency_pos,power_agent
jogs,agency_pos,
jokes,agency_equal,
jolts,agency_pos,power_agent
jostles,agency_pos,power_agent
judges,agency_pos,power_agent
juggles,agency_pos,power_agent
jumps,agency_pos,
justifies,agency_pos,power_agent
juts,agency_pos,
keeps,agency_neg,power_agent
keys,agency_pos,power_agent
kicks,agency_pos,power_agent
kidnaps,agency_pos,power_agent
kids,agency_pos,power_agent
kills,agency_pos,power_agent
kisses,agency_pos,power_agent
kneels,agency_pos,
knits,agency_pos,power_agent
knocks,agency_pos,power_agent
knots,agency_pos,power_agent
knows,agency_neg,power_agent
labels,agency_pos,power_equal
labors,agency_pos,
laces,agency_pos,power_agent
lags,agency_neg,
lands,agency_pos,
laps,agency_pos,power_agent
lashes,agency_pos,power_agent
lasts,agency_pos,power_agent
latches,agency_equal,power_equal
laughs,agency_pos,
launches,agency_pos,power_agent
lays,agency_pos,
leads,agency_pos,power_agent
leafs,agency_pos,power_agent
leaks,agency_pos,power_equal
leans,agency_pos,
leaps,agency_pos,
leaves,agency_equal,power_agent
lectures,agency_pos,power_agent
leers,agency_neg,
lends,agency_equal,power_agent
lets,agency_equal,power_agent
letters,agency_pos,power_equal
levels,agency_pos,power_agent
licks,agency_pos,power_equal
lies,agency_pos,
lies to,agency_pos,power_equal
lifts,agency_pos,power_agent
lightens,agency_pos,power_agent
lights,agency_pos,power_agent
limits,agency_pos,power_agent
limps,agency_neg,
lines,agency_pos,power_equal
lingers,agency_neg,
links,agency_pos,power_equal
lists,agency_pos,power_equal
litters,agency_pos,power_agent
lives,agency_equal,power_equal
lives on,agency_neg,power_equal
loads,agency_pos,power_agent
locates,agency_pos,power_equal
locks,agency_pos,power_agent
lodges,agency_equal,
lolls,agency_neg,
looks,agency_equal,power_equal
looms,agency_neg,
loops,agency_pos,power_agent
loosens,agency_pos,power_agent
looses,agency_pos,power_agent
lops,agency_pos,power_agent
lounges,agency_neg,
loves,agency_pos,power_equal
lowers,agency_pos,power_agent
lumbers,agency_pos,
lunges,agency_pos,
lurches,agency_pos,power_agent
lures,agency_pos,power_agent
lurks,agency_neg,
magnifies,agency_pos,power_equal
mails,agency_pos,power_agent
maintains,agency_pos,power_agent
makes,agency_pos,power_agent
manages,agency_pos,power_agent
mandates,agency_pos,power_agent
maneuvers,agency_pos,power_agent
mangles,agency_pos,power_agent
manipulates,agency_pos,power_agent
mans,agency_pos,power_agent
manufactures,agency_pos,power_agent
marches,agency_equal,
marks,agency_pos,power_agent
marries,agency_pos,power_equal
mashes,agency_pos,power_agent
masks,agency_pos,power_agent
matches,agency_pos,power_equal
materializes,agency_neg,
mats,agency_equal,power_agent
matters,agency_neg,
means,agency_neg,power_equal
measures,agency_pos,power_equal
mediates,agency_pos,
meets,agency_pos,power_equal
melts,agency_pos,power_agent
memorizes,agency_equal,power_equal
mends,agency_pos,power_agent
merges,agency_pos,power_agent
mesmerizes,agency_equal,power_agent
messes up,agency_pos,power_agent
mills,agency_pos,
minimizes,agency_pos,power_agent
mirrors,agency_equal,power_agent
mistakes,agency_equal,power_equal
mixes,agency_pos,power_agent
moans,agency_pos,
mobilizes,agency_pos,power_agent
mocks,agency_pos,power_agent
modifies,agency_pos,power_agent
monitors,agency_neg,power_agent
mops,agency_pos,power_equal
motions to,agency_pos,power_equal
motivates,agency_pos,power_agent
mounts,agency_pos,power_agent
mourns,agency_pos,
mouths,agency_pos,power_equal
moves,agency_pos,power_agent
moves on,agency_pos,power_equal
mows,agency_pos,power_agent
muffles,agency_pos,power_agent
mugs,agency_pos,power_agent
mulls,agency_equal,
multiplies,agency_equal,power_agent
mumbles,agency_pos,power_equal
munches,agency_pos,power_agent
murders,agency_pos,power_agent
murmurs,agency_equal,power_equal
musters,agency_pos,power_agent
mutes,agency_pos,power_agent
mutilates,agency_pos,power_agent
mutters,agency_equal,power_equal
nails,agency_pos,power_agent
names,agency_pos,power_agent
narrows,agency_pos,power_equal
navigates,agency_pos,power_agent
nears,agency_pos,power_equal
neglects,agency_equal,power_agent
negotiates,agency_pos,power_agent
nestles,agency_pos,power_agent
nibbles,agency_pos,power_agent
nods,agency_pos,
nominates,agency_pos,power_agent
noses,agency_pos,power_agent
notices,agency_equal,power_equal
notifies,agency_pos,power_agent
nudges,agency_pos,power_equal
numbers,agency_pos,power_equal
nurses,agency_pos,power_agent
objects,agency_pos,
obliterates,agency_pos,power_agent
obscures,agency_pos,power_agent
observes,agency_neg,power_equal
obstructs,agency_pos,power_agent
obtains,agency_pos,power_agent
occupies,agency_pos,power_agent
occurs,agency_neg,
offers,agency_pos,power_agent
omits,agency_pos,power_agent
oozes,agency_equal,power_equal
opens,agency_pos,power_agent
operates,agency_pos,power_agent
opposes,agency_pos,power_equal
orders,agency_pos,power_agent
organizes,agency_pos,power_agent
outlaws,agency_pos,power_agent
overcomes,agency_pos,power_agent
overflows,agency_neg,
overhears,agency_equal,power_equal
overlaps,agency_equal,power_agent
overlooks,agency_neg,power_agent
oversees,agency_pos,power_agent
overtakes,agency_pos,power_agent
overthrows,agency_pos,power_agent
overturns,agency_pos,power_agent
overwhelms,agency_pos,power_agent
owns,agency_equal,power_agent
paces,agency_pos,power_equal
packs,agency_pos,power_agent
paddles,agency_pos,
pads,agency_pos,power_agent
pages,agency_pos,power_equal
paints,agency_pos,power_agent
pals,agency_equal,
panics,agency_pos,power_equal
pans,agency_pos,power_agent
pants,agency_equal,
paralyzes,agency_pos,power_agent
pardons,agency_pos,power_agent
parks,agency_pos,power_agent
participates,agency_pos,
parts,agency_pos,power_agent
passes,agency_pos,power_agent
pastes,agency_pos,power_agent
patches,agency_pos,power_agent
patrols,agency_pos,power_agent
pats,agency_pos,power_equal
pauses,agency_neg,
paves,agency_pos,power_equal
paws,agency_pos,power_equal
pays,agency_equal,power_agent
pecks,agency_pos,power_agent
pedals,agency_pos,
peddles,agency_pos,power_agent
peeks,agency_neg,
peels,agency_pos,power_agent
peeps,agency_pos,
peers,agency_pos,
pees,agency_pos,
pegs,agency_pos,power_agent
pelts,agency_pos,power_agent
penetrates,agency_pos,power_agent
perceives,agency_neg,power_equal
perches,agency_pos,
perfects,agency_pos,power_agent
performs,agency_pos,power_equal
permits,agency_pos,power_agent
perplexes,agency_neg,power_agent
persuades,agency_pos,power_agent
pets,agency_pos,power_equal
phones,agency_pos,power_equal
photographs,agency_pos,power_equal
picks,agency_pos,power_agent
pictures,agency_equal,power_equal
pierces,agency_pos,power_agent
piles,agency_pos,power_agent
pinches,agency_pos,power_agent
pins,agency_pos,power_agent
pitches,agency_pos,power_agent
pivots,agency_pos,power_equal
places,agency_pos,power_agent
plagues,agency_pos,power_agent
plans,agency_pos,power_agent
plants,agency_pos,power_agent
plasters,agency_pos,power_agent
plats,agency_pos,power_equal
plays,agency_pos,power_agent
pledges,agency_pos,power_agent
plops,agency_pos,power_agent
plows,agency_pos,power_agent
plucks,agency_pos,power_agent
plugs in,agency_pos,power_agent
plummets,agency_neg,
plunges,agency_pos,power_agent
pockets,agency_equal,power_agent
points at,agency_pos,power_equal
poises,agency_pos,
poisons,agency_pos,power_agent
pokes,agency_pos,power_agent
ponders,agency_neg,
pops,agency_pos,power_agent
poses,agency_neg,
positions,agency_pos,power_agent
possesses,agency_equal,power_agent
postpones,agency_pos,power_agent
posts,agency_pos,power_agent
pounces,agency_pos,
pounds,agency_pos,power_agent
pours,agency_pos,power_agent
powers,agency_pos,power_agent
praises,agency_pos,power_equal
preaches,agency_pos,power_equal
precedes,agency_neg,power_agent
preoccupies,agency_equal,power_agent
prepares,agency_pos,power_agent
prescribes,agency_pos,power_agent
presents,agency_pos,power_agent
preserves,agency_pos,power_agent
presides,agency_pos,
presses,agency_pos,power_agent
presumes,agency_equal,power_agent
pretends,agency_pos,power_agent
prevails,agency_pos,
prevents,agency_pos,power_agent
pricks,agency_pos,power_agent
pries,agency_equal,
prints,agency_pos,power_agent
probes,agency_pos,power_agent
proceeds,agency_pos,
processes,agency_pos,power_equal
proclaims,agency_pos,power_agent
prods,agency_pos,power_agent
produces,agency_pos,power_agent
programs,agency_pos,power_agent
progresses,agency_pos,
prohibits,agency_pos,power_agent
projects,agency_equal,power_agent
promises,agency_pos,power_equal
prompts,agency_pos,power_agent
pronounces,agency_pos,power_agent
propels,agency_pos,power_agent
proposes,agency_pos,power_agent
props,agency_pos,power_agent
prosecutes,agency_pos,power_agent
protects,agency_pos,power_agent
protests,agency_pos,power_equal
protrudes,agency_neg,
proves,agency_pos,power_agent
provides,agency_pos,power_agent
provokes,agency_pos,power_equal
prowls,agency_pos,
publishes,agency_pos,power_agent
puffs,agency_pos,
pulls,agency_pos,power_agent
pulsates,agency_equal,
pulses,agency_equal,
pummels,agency_pos,power_agent
pumps,,power_agent
punches,agency_pos,power_agent
punctuates,agency_pos,power_agent
punctures,agency_pos,power_agent
punishes,agency_pos,power_agent
purchases,agency_pos,power_agent
purrs,agency_equal,
pushes,agency_pos,power_agent
puts,agency_equal,power_agent
puzzles,agency_neg,power_agent
qualifies,agency_neg,
questions,agency_pos,power_agent
quickens,agency_pos,power_agent
quiets,agency_pos,power_agent
quits,agency_pos,power_agent
quivers,agency_pos,
races,agency_pos,power_equal
racks up,agency_pos,power_equal
rags,agency_pos,power_agent
raids,agency_pos,power_agent
rails against,agency_pos,power_agent
rains,agency_pos,power_agent
raises,agency_pos,power_agent
rakes,agency_pos,power_agent
rambles,agency_pos,
rams,agency_pos,power_agent
ranges,agency_pos,
ranks,agency_pos,power_agent
rants,agency_pos,
raps,agency_pos,
ratifies,agency_pos,power_agent
rats on,agency_pos,power_agent
rattles,agency_pos,power_agent
ravages,agency_pos,power_agent
raves,agency_pos,
reacts,agency_pos,
readies,agency_pos,power_agent
reads,agency_equal,power_agent
reaffirms,agency_pos,power_agent
realises,agency_equal,power_equal
realizes,agency_neg,power_equal
reappears,agency_pos,
rearranges,agency_pos,power_agent
rears,agency_pos,
reasons,agency_pos,
reassures,agency_pos,power_agent
rebuilds,agency_pos,power_agent
recedes,agency_neg,
recites,agency_pos,power_equal
reckons,agency_pos,power_agent
reclines,agency_neg,
recoils,agency_equal,
recommends,agency_pos,power_agent
reconciles,agency_pos,power_equal
reconsiders,agency_equal,power_agent
records,agency_equal,power_agent
recounts,agency_equal,power_agent
recovers,agency_pos,power_equal
recruits,agency_pos,power_agent
reduces,agency_pos,power_agent
reels,agency_neg,
refers,agency_pos,power_equal
refills,agency_pos,power_agent
refuses,agency_pos,power_agent
regains,agency_pos,power_agent
registers,agency_pos,power_agent
regulates,agency_pos,power_agent
rehearses,agency_pos,power_equal
reinforces,agency_pos,power_agent
reins,agency_pos,power_equal
rejects,agency_pos,power_agent
rejoins,agency_pos,power_equal
relates to,agency_neg,power_equal
relaxes,agency_neg,
releases,agency_pos,power_agent
relents,agency_pos,
relies,agency_neg,
reloads,agency_pos,power_agent
remains,agency_neg,
remembers,agency_equal,power_equal
reminds,agency_pos,power_agent
removes,agency_pos,power_agent
renders,agency_pos,power_agent
rends,agency_pos,power_agent
renews,agency_pos,power_agent
renounces,agency_pos,power_agent
rents,agency_pos,power_equal
reopens,agency_pos,power_agent
repairs,agency_pos,power_agent
replaces,agency_pos,power_agent
replies,agency_neg,power_equal
reports,agency_pos,power_agent
requests,agency_equal,power_equal
rescues,agency_pos,power_agent
resembles,agency_neg,power_equal
reserves,agency_pos,power_agent
resigns,agency_equal,
resists,agency_pos,power_equal
resolves,agency_pos,power_equal
restores,agency_pos,power_agent
restrains,agency_pos,power_agent
restricts,agency_pos,power_agent
rests,agency_neg,
results,agency_equal,
results in,agency_neg,power_agent
resumes,agency_equal,power_agent
retains,agency_pos,power_agent
retires,agency_pos,power_agent
retracts,agency_pos,power_agent
retreats,agency_equal,
retrieves,agency_pos,power_agent
returns,agency_pos,power_agent
reveals,agency_pos,power_agent
reverberates,agency_pos,
reverses,agency_pos,power_agent
reviews,agency_pos,power_equal
revises,agency_pos,power_agent
revives,agency_pos,power_agent
revolves,agency_pos,
revs,agency_pos,power_agent
rewards,agency_pos,power_agent
ricochets,agency_pos,
riddles,agency_pos,power_agent
rides,agency_pos,power_agent
rids,agency_pos,power_agent
rifles through,agency_pos,power_agent
rights,agency_pos,power_agent
rigs,agency_pos,power_agent
rings,agency_pos,power_agent
rinses,agency_pos,power_agent
ripples,agency_pos,
rips,agency_pos,power_agent
rises,agency_pos,
risks,agency_equal,power_agent
rivets,agency_pos,power_agent
rivets on,agency_pos,power_agent
roams,agency_neg,power_equal
roars,agency_pos,
roasts,agency_pos,power_agent
robs,agency_pos,power_agent
rockets,agency_pos,
rocks,agency_equal,
rolls,agency_pos,power_agent
roots,agency_pos,power_equal
rotates,agency_pos,power_agent
rots,agency_neg,
rounds,agency_pos,power_equal
rouses,agency_pos,power_agent
rows,agency_pos,power_agent
rubs,agency_pos,power_equal
ruffles,agency_pos,power_agent
ruins,agency_pos,power_agent
rules,agency_pos,power_agent
rumbles,agency_pos,
rummages,agency_pos,
runs,agency_pos,
rushes,agency_pos,power_agent
rustles,agency_pos,power_agent
rusts,agency_neg,
sacks,agency_pos,power_agent
sacrifices,agency_pos,power_agent
saddles,agency_pos,power_agent
sags,agency_neg,
sails,agency_pos,power_agent
salvages,agency_pos,power_agent
saunters,agency_pos,
saves,agency_pos,power_agent
savors,agency_pos,power_equal
saws,agency_pos,power_agent
says,agency_pos,power_equal
scales,agency_pos,power_agent
scampers,agency_pos,
scans,agency_pos,power_agent
scares,agency_pos,power_agent
scars,agency_pos,power_agent
scatters,agency_pos,power_agent
schedules,agency_pos,power_agent
scoffs,agency_pos,
scoops,agency_pos,power_agent
scoots,agency_pos,
scorches,agency_pos,power_agent
scores,agency_pos,power_equal
scours,agency_pos,power_agent
scowls,agency_pos,
scrambles,agency_pos,power_agent
scrapes,agency_pos,power_agent
scraps,agency_pos,power_agent
scratches,agency_pos,power_agent
scrawls,agency_pos,power_equal
screams,agency_pos,
screeches,agency_pos,
screens,agency_equal,power_agent
scribbles,agency_pos,power_equal
scrolls,agency_equal,
scrubs,agency_pos,power_agent
scrunches,agency_pos,
scrutinizes,agency_pos,power_agent
scurries,agency_pos,
scuttles,agency_pos,
seals,agency_pos,power_agent
searches,agency_pos,power_agent
sears,agency_pos,power_agent
secures,agency_pos,power_agent
seduces,agency_pos,power_agent
seems,agency_neg,
sees,agency_neg,power_equal
seethes,agency_pos,
seizes,agency_pos,power_agent
selects,agency_pos,power_agent
sells,agency_pos,power_agent
sends,agency_pos,power_agent
sentences,agency_pos,power_agent
separates,agency_pos,power_agent
sets,agency_pos,power_agent
settles,agency_pos,power_agent
severs,agency_pos,power_agent
sews,agency_pos,power_equal
shades,agency_pos,power_equal
shakes,agency_pos,power_agent
shapes,agency_pos,power_agent
shares,agency_pos,power_agent
sharpens,agency_pos,power_agent
shatters,agency_pos,power_agent
shaves,agency_pos,power_agent
sheds,agency_pos,power_agent
shells,agency_pos,power_agent
shelters,agency_pos,power_agent
shields,agency_pos,power_agent
shifts,agency_pos,power_agent
shimmers,agency_neg,
shines,agency_equal,
shins,agency_equal,
ships,agency_pos,power_agent
shivers,agency_equal,
shocks,agency_pos,power_agent
shooes,,power_agent
shoos,agency_pos,
shoots,agency_pos,power_agent
shops,agency_pos,
shoulders,agency_pos,power_agent
shouts,agency_pos,power_agent
shovels,agency_pos,power_agent
shoves,agency_pos,power_agent
shows,agency_pos,power_agent
shreds,agency_pos,power_agent
shrieks,agency_pos,power_agent
shrinks,agency_pos,power_agent
shrouds,agency_pos,power_agent
shrugs,agency_pos,
shudders,agency_neg,
shuffles,agency_pos,power_agent
shushes,agency_pos,power_agent
shuts,agency_pos,power_agent
sickens,agency_pos,power_agent
sides,agency_equal,
sidesteps,agency_pos,power_agent
sifts,agency_pos,power_agent
sighs,agency_equal,
sights,agency_pos,power_equal
signals,agency_pos,power_equal
signs,agency_pos,power_equal
silences,agency_pos,power_agent
simmers,agency_pos,power_agent
singles out,agency_pos,power_agent
sings,agency_pos,power_agent
sinks,agency_pos,power_agent
sips,agency_pos,power_agent
sits,agency_neg,
situates,agency_pos,power_agent
sizes,agency_equal,power_agent
sizzles,agency_equal,
skates,agency_pos,power_agent
sketches,agency_pos,power_equal
skids,agency_equal,
skims,agency_pos,power_agent
skins,agency_pos,power_agent
skips,agency_neg,power_agent
skitters,agency_equal,
slams,agency_pos,power_agent
slants,agency_neg,
slaps,agency_pos,power_agent
slashes,agency_pos,power_agent
slaughters,agency_pos,power_agent
slays,agency_pos,power_agent
sleeps,agency_neg,
slices,agency_pos,power_agent
slicks,agency_equal,power_agent
slides,agency_equal,power_agent
slings,agency_pos,power_agent
slinks,agency_neg,
slips,agency_pos,power_agent
slithers,agency_pos,
slits,agency_pos,power_agent
slops,agency_pos,power_agent
sloshes,agency_equal,
slouches,agency_neg,
slows,agency_pos,power_agent
slugs,agency_pos,power_agent
slumps,agency_neg,
slurps,agency_pos,power_agent
slurs,agency_equal,
smacks,agency_pos,power_agent
smashes,agency_pos,power_agent
smears,agency_pos,power_agent
smiles,agency_pos,
smirks,agency_neg,
smokes,agency_pos,power_agent
smolders,agency_neg,
smooths,agency_pos,power_equal
smothers,agency_pos,power_agent
snags,agency_pos,power_agent
snaps,agency_pos,
snarls at,agency_pos,power_equal
snatches,agency_pos,power_agent
sneaks,agency_pos,power_agent
sneers,agency_pos,
sneezes,agency_pos,
snickers,agency_neg,
sniffs,agency_equal,
snips,agency_pos,power_agent
snoops,agency_pos,
snores,agency_neg,
snorts,agency_pos,
snows,agency_neg,
snuggles,agency_pos,power_equal
soaks,agency_pos,power_agent
soars,agency_pos,
sobers,agency_pos,power_agent
sobs,agency_neg,
softens,agency_pos,power_equal
soils,agency_pos,power_agent
solicits,agency_pos,power_agent
solves,agency_pos,power_agent
soothes,agency_pos,power_equal
sorts,agency_pos,power_equal
sounds,agency_pos,power_equal
spaces,agency_pos,power_agent
spans,agency_neg,power_agent
spares,agency_pos,power_agent
sparkles,agency_neg,
sparks,agency_pos,power_agent
spars,agency_pos,power_equal
spatters,agency_equal,
speaks,agency_pos,
speaks to,agency_pos,power_equal
specifies,agency_pos,power_equal
speeds,agency_pos,
speeds up,agency_pos,power_equal
spells,agency_equal,power_equal
spends,agency_pos,power_agent
spews,agency_pos,power_agent
spies,agency_pos,power_equal
spikes,agency_pos,power_agent
spills,agency_pos,power_agent
spins,agency_pos,power_agent
spirals,agency_pos,
spits at,agency_pos,power_agent
splashes,agency_pos,
splatters,agency_pos,power_agent
splinters,agency_pos,power_agent
splits,agency_pos,power_agent
spoils,agency_pos,power_equal
sponsors,agency_pos,power_agent
spooks,agency_pos,power_agent
sports,agency_equal,power_equal
spots,agency_neg,power_agent
sprawls,agency_equal,
sprays,agency_pos,power_agent
spreads,agency_pos,power_agent
springs,agency_pos,
sprinkles,agency_pos,power_agent
sprints,agency_pos,
sprouts,agency_pos,
spurs,agency_pos,power_agent
sputters,agency_pos,
squares,agency_pos,power_agent
squashes,agency_pos,power_agent
squats,agency_pos,
squeaks,agency_equal,
squeals,agency_equal,
squeezes,agency_pos,power_agent
squints,agency_equal,
squirms,agency_equal,
squirts,agency_pos,power_equal
stabilizes,agency_pos,power_agent
stabs,agency_pos,power_agent
stacks,agency_pos,power_agent
staggers,agency_equal,
stains,agency_pos,power_agent
stakes,agency_pos,power_agent
stalls,agency_pos,power_agent
stamps,agency_pos,power_agent
stands,agency_equal,
stares,agency_neg,
stars,agency_pos,power_equal
startles,agency_pos,power_equal
starts,agency_pos,power_agent
starves,agency_pos,power_agent
stashes,agency_pos,power_agent
states,agency_pos,power_equal
stations,agency_pos,power_agent
stays,agency_neg,
steadies,agency_pos,power_agent
steals,agency_pos,power_agent
steams,agency_pos,power_agent
steels,agency_pos,power_agent
steers,agency_pos,power_agent
stencils,agency_pos,power_agent
steps,agency_pos,
sticks,agency_pos,
stiffens,agency_pos,power_equal
stifles,agency_pos,power_agent
stimulates,agency_pos,power_equal
stings,agency_pos,power_agent
stinks,agency_neg,
stirs,agency_pos,power_agent
stitches,agency_pos,power_equal
stocks,agency_pos,power_equal
stomps,agency_pos,
stones,agency_pos,power_agent
stoops,agency_equal,
stops,agency_pos,power_agent
stores,agency_pos,power_agent
storms,agency_pos,power_agent
stows,agency_pos,power_agent
straddles,agency_pos,power_agent
straightens,agency_pos,power_agent
strains,agency_pos,power_agent
strands,agency_pos,power_agent
strangles,agency_pos,power_agent
strangles on,agency_equal,power_agent
straps,agency_pos,power_agent
strays,agency_pos,
streams,agency_pos,
strengthens,agency_pos,power_agent
stresses,agency_pos,power_agent
stretches,agency_pos,
strides,agency_pos,
strikes,agency_pos,power_agent
strings,agency_pos,power_agent
strips,agency_pos,power_agent
strokes,agency_pos,power_equal
strolls,agency_equal,
struts,agency_pos,
stubs,agency_equal,power_agent
studies,agency_pos,power_equal
stuffs,agency_pos,power_agent
stumbles,agency_neg,
stuns,agency_pos,power_agent
subdues,agency_pos,power_agent
submerges,agency_pos,power_agent
submits,agency_pos,power_equal
subsides,agency_neg,
succeeds,agency_pos,power_agent
sues,agency_pos,power_agent
suffocates,agency_pos,power_agent
suggests,agency_pos,power_agent
sulks,agency_neg,
summons,agency_pos,power_agent
superimposes,agency_pos,power_agent
supervises,agency_pos,power_agent
supplies,agency_pos,power_agent
supports,agency_pos,power_equal
supposes,agency_equal,power_equal
suppresses,agency_pos,power_agent
surfaces,agency_pos,
surfs,agency_pos,
surges,agency_pos,
surprises,agency_pos,power_equal
surrenders,agency_neg,power_agent
surrounds,agency_pos,power_agent
surveys,agency_pos,power_equal
survives,agency_neg,power_equal
suspects,agency_pos,power_equal
suspends,agency_pos,power_agent
sustains,agency_pos,power_agent
swallows,agency_pos,power_agent
swaps,agency_pos,power_agent
swarms,agency_pos,
swats,agency_pos,power_agent
sways,agency_pos,power_agent
swears,agency_pos,power_agent
sweats,agency_neg,
sweeps,agency_pos,power_agent
swells,agency_equal,
swerves,agency_pos,
swigs,agency_pos,power_equal
swims,agency_pos,
swings,agency_pos,power_agent
swipes,agency_pos,power_agent
swirls,agency_pos,power_agent
switches,agency_pos,power_agent
swivels,agency_pos,power_agent
swoops,agency_pos,
tackles,agency_pos,power_agent
tacks,agency_pos,power_agent
tags,agency_pos,power_agent
tailors,agency_pos,power_equal
takes,agency_pos,power_equal
talks,agency_pos,
talks to,agency_pos,power_equal
tangles,agency_pos,power_agent
taps,agency_equal,power_equal
targets,agency_pos,power_agent
tastes,agency_pos,power_agent
tattooes,,power_agent
tattoos,agency_pos,
taunts,agency_pos,power_agent
taxis,agency_pos,
teaches,agency_pos,power_agent
tears,agency_pos,power_agent
teases,agency_pos,power_agent
teeters,agency_neg,
telephones,agency_pos,power_equal
tells,agency_pos,power_equal
tempts,agency_pos,power_agent
tends,agency_pos,power_agent
tenses,agency_pos,power_equal
terminates,agency_pos,power_agent
terms,agency_pos,power_agent
terrifies,agency_pos,power_agent
testifies,agency_pos,power_equal
tests,agency_pos,power_agent
tethers,agency_pos,power_agent
thaws,agency_pos,power_agent
thinks,agency_pos,power_equal
thins,agency_pos,power_agent
thrashes,agency_pos,power_agent
threads,agency_pos,
threatens,agency_pos,power_agent
thrills,agency_pos,power_agent
throbs,agency_neg,
throttles,agency_pos,power_agent
throws,agency_pos,power_agent
thrusts,agency_pos,power_agent
thumbs,agency_equal,
thumps,agency_pos,power_agent
thunders,agency_pos,
tickles,agency_pos,power_equal
ticks off,agency_equal,power_equal
tidies,agency_pos,power_agent
ties,agency_pos,power_equal
tightens,agency_pos,power_agent
tilts,agency_pos,power_agent
times,agency_pos,power_agent
tings,agency_pos,
tiptoes,agency_pos,
tires,agency_equal,power_agent
toasts,agency_pos,power_equal
tolerates,agency_equal,power_equal
topples,agency_pos,power_agent
tops,agency_pos,power_agent
torments,agency_pos,power_agent
tortures,agency_pos,power_agent
tosses,agency_pos,power_agent
totals,agency_pos,power_agent
towers,agency_neg,
tows,agency_pos,power_agent
toys with,agency_pos,power_agent
tracks,agency_pos,power_agent
trades,agency_pos,power_agent
trails,agency_pos,power_equal
trains,agency_pos,power_agent
tramples,agency_pos,power_agent
transfers,agency_pos,power_agent
transfixes,agency_pos,power_agent
transforms,agency_pos,power_agent
translates,agency_pos,power_agent
transmits,agency_pos,power_equal
transports,agency_pos,power_agent
traps,agency_pos,power_agent
trashes,agency_pos,power_agent
travels,agency_pos,power_agent
treads,agency_pos,
treats,agency_pos,power_agent
trembles,agency_neg,
trickles,agency_neg,
tricks,agency_pos,power_agent
tries,agency_pos,power_equal
triggers,agency_pos,power_agent
trims,agency_pos,power_agent
trips,agency_pos,power_agent
trots,agency_pos,power_equal
troubles,agency_pos,power_agent
trudges,agency_pos,
tucks,agency_pos,power_equal
tugs,agency_pos,power_agent
tumbles,agency_pos,
tunes,agency_pos,power_agent
turns,agency_pos,power_agent
twinkles,agency_equal,
twirls,agency_pos,power_agent
twists,agency_pos,power_agent
twitches,agency_neg,
types,agency_pos,power_equal
unbuckles,agency_pos,power_agent
unbuttons,agency_pos,power_agent
uncovers,agency_pos,power_agent
undergos,agency_neg,
underlies,agency_neg,power_agent
undermines,agency_pos,power_agent
underscores,agency_pos,power_agent
understands,agency_equal,power_agent
undoes,agency_pos,power_agent
undresses,agency_pos,power_agent
undulates,agency_pos,
unfolds,agency_pos,power_agent
unhooks,agency_pos,power_agent
unites,agency_pos,power_agent
unleashes,agency_pos,power_agent
unlocks,agency_pos,power_equal
unnerves,agency_pos,power_agent
unpacks,agency_pos,power_agent
unravels,,power_agent
unrolls,agency_pos,power_agent
unscrews,agency_pos,power_agent
unties,agency_pos,power_agent
unwraps,agency_pos,power_agent
unzips,agency_pos,power_agent
upsets,agency_pos,power_agent
urges,agency_pos,power_equal
uses,agency_pos,power_agent
ushers,agency_equal,power_agent
utters,agency_pos,power_equal
vanishes,agency_neg,
varies,agency_neg,
vaults,agency_pos,power_agent
veers,agency_pos,
vents,agency_pos,power_equal
ventures,agency_pos,
verifies,agency_equal,power_agent
vetoes,,power_agent
vetos,agency_pos,
vibrates,agency_pos,power_agent
views,agency_neg,power_equal
violates,agency_pos,power_agent
voices,agency_pos,power_equal
volunteers,agency_pos,power_equal
wads,agency_pos,power_agent
wags,agency_pos,power_agent
wails,agency_neg,
wait,agency_neg,power_theme
wakes,agency_pos,power_agent
walks,agency_pos,power_agent
walls,agency_pos,power_agent
waltzes,agency_pos,
wanders,agency_neg,
warms,agency_pos,power_agent
warns,agency_pos,power_agent
warrants,agency_equal,power_agent
washes,agency_pos,power_agent
wastes,agency_equal,power_agent
watches,agency_equal,power_agent
waters,agency_pos,power_agent
wavers,agency_equal,
waves,agency_pos,power_equal
weakens,agency_pos,power_agent
wears,agency_pos,power_agent
weaves,agency_pos,power_agent
wedges,agency_pos,power_agent
weeps,agency_neg,
weighs,agency_equal,power_agent
welcomes,agency_pos,power_equal
welds,,power_agent
wells,agency_equal,
wets,agency_pos,power_agent
whacks,agency_pos,power_agent
wheels,agency_pos,power_agent
wheezes,agency_equal,
whimpers,agency_neg,
whines,agency_equal,
whips,agency_pos,power_agent
whirls,agency_pos,power_agent
whirs,agency_pos,
whisks,agency_pos,power_agent
whispers,agency_pos,power_equal
whistles,agency_pos,
whoops,agency_equal,
widens,agency_pos,power_agent
wields,agency_pos,power_agent
wiggles,agency_pos,power_equal
wills,agency_pos,power_agent
winces,agency_neg,
winds,agency_pos,power_agent
winks,agency_equal,
wins,agency_pos,power_agent
wipes,agency_pos,power_agent
wires,agency_pos,power_agent
withdraws,agency_pos,power_agent
withers,agency_neg,
withholds,agency_pos,power_agent
wobbles,agency_neg,
works,agency_pos,
worries,agency_neg,power_equal
worsens,agency_pos,power_agent
worship,agency_pos,power_theme
wounds,agency_pos,power_agent
wracks,agency_pos,power_equal
wraps,agency_pos,power_equal
wrecks,agency_pos,power_agent
wrenches,agency_pos,
wrestles,agency_pos,
wriggles,agency_pos,
wrings,agency_pos,power_agent
writes,agency_pos,power_agent
writhes,agency_equal,
yanks,agency_pos,power_agent
yawns,agency_equal,
yells,agency_pos,
yelps,agency_pos,
yields,agency_equal,power_agent
zaps,agency_pos,power_agent
zips,agency_pos,
zooms,agency_pos,
apologize,agency_pos,power_theme
assist,agency_pos,power_theme
behold,agency_equal,power_theme
browse,agency_pos,power_theme
chase,agency_pos,power_theme
collect,agency_pos,power_theme
comprehend,agency_pos,power_theme
concentrate,agency_equal,power_theme
cram,agency_pos,power_theme
delight,agency_pos,power_theme
desire,agency_neg,power_theme
elaborate,agency_pos,power_theme
envy,agency_equal,power_theme
fill,agency_pos,power_theme
hail,agency_pos,power_theme
jot,agency_pos,power_theme
lug,agency_pos,power_theme
mime,agency_pos,power_theme
mimic,agency_pos,power_theme
nods,agency_pos,power_theme
nuzzle,agency_pos,power_theme
outline,agency_pos,power_theme
peruse,agency_pos,power_theme
please,agency_neg,power_theme
polish,agency_pos,power_theme
reach,agency_pos,power_theme
recall,agency_neg,power_theme
recognize,agency_neg,power_theme
reflect,agency_neg,power_theme
reiterate,agency_equal,power_theme
relieve,agency_pos,power_theme
relishe,agency_neg,power_theme
repulse,agency_neg,power_theme
require,agency_equal,power_theme
touch,agency_pos,power_theme
underestimate,agency_equal,power_theme
adorn,agency_pos,power_theme
aggravate,agency_pos,power_theme
amuse,agency_pos,power_theme
ascend,agency_pos,power_theme
brief,agency_equal,power_theme
dread,agency_neg,power_theme
dwell,agency_equal,power_theme
eyeballs,agency_pos,power_theme
fancy,agency_neg,power_theme
follow,agency_neg,power_theme
hate,agency_neg,power_theme
imitate,agency_equal,power_theme
miss,agency_neg,power_theme
misunderstand,agency_neg,power_theme
radiate,agency_equal,power_theme
repay,agency_pos,power_theme
respect,agency_equal,power_theme
salute,agency_pos,power_theme
sense,agency_neg,power_theme
silhouette,agency_neg,power_theme
stalk,agency_pos,power_theme
struggle,agency_equal,power_theme
subtitle,agency_pos,power_theme
accompany,agency_equal,power_theme
brush,agency_pos,power_theme
chant,agency_pos,power_theme
implore,agency_pos,power_theme
lack,agency_neg,power_theme
massage,agency_pos,power_theme
regard,agency_neg,power_theme
repeat,agency_pos,power_theme
seek,agency_pos,power_theme
shower,agency_pos,power_theme
smell,agency_neg,power_theme
tail,agency_pos,power_theme
unload,agency_pos,power_theme
weather,agency_pos,power_theme
believe,agency_neg,power_theme
compensate,agency_pos,power_theme
compile,agency_pos,power_theme
detect,agency_pos,power_theme
honor,agency_pos,power_theme
incorporate,agency_pos,power_theme
indulge,agency_equal,power_theme
like,agency_equal,power_theme
mingle,agency_pos,power_theme
adore,agency_equal,power_theme
applaud,agency_pos,power_theme
donate,agency_pos,power_theme
entertain,agency_pos,power_theme
evade,agency_pos,power_theme
grieve,agency_neg,power_theme
join,agency_pos,power_theme
mention,agency_equal,power_theme
oblige,agency_equal,power_theme
represent,agency_pos,power_theme
congratulate,agency_equal,power_theme
fulfill,agency_pos,power_theme
obey,agency_neg,power_theme
quote,agency_equal,power_theme
satisfy,agency_pos,power_theme
serve,agency_equal,power_theme
wonder,agency_neg,power_theme
credit,agency_pos,power_theme
defer,agency_equal,power_theme
echo,,power_theme
emit,agency_pos,power_theme
seat,agency_pos,power_theme
cites,agency_pos,power_theme
disappoint,agency_pos,power_theme
experience,agency_neg,power_theme
value,agency_neg,power_theme
wish,agency_neg,power_theme
consult,agency_pos,power_theme
dream,agency_neg,power_theme
endure,agency_neg,power_theme
enforce,agency_pos,power_theme
enjoy,agency_neg,power_theme
learn,agency_equal,power_theme
offend,agency_pos,power_theme
pursue,agency_pos,power_theme
admire,agency_equal,power_theme
answer,agency_equal,power_theme
commemorates,agency_pos,power_theme
contract,agency_pos,power_theme
duck,agency_pos,power_theme
practice,agency_pos,power_theme
regret,agency_neg,power_theme
resent,agency_neg,power_theme
shadow,agency_equal,power_theme
undertake,agency_pos,power_theme
achieve,agency_pos,power_theme
cheer,agency_pos,power_theme
depart,agency_pos,power_theme
need,agency_neg,power_theme
pray,agency_equal,power_theme
promote,agency_pos,power_theme
visit,agency_pos,power_theme
beg,agency_pos,power_theme
copy,agency_pos,power_theme
plead,agency_pos,power_theme
tip,agency_pos,power_theme
uphold,agency_pos,power_theme
benefit,agency_neg,power_theme
celebrate,agency_pos,power_theme
constitute,agency_neg,power_theme
greet,agency_equal,power_theme
hope,agency_equal,power_theme
interest,agency_neg,power_theme
lose,agency_equal,power_theme
mind,agency_equal,power_theme
portray,agency_pos,power_theme
predict,agency_equal,power_theme
undergo,,power_theme
vote,agency_pos,power_theme
want,agency_neg,power_theme
admit,agency_pos,power_theme
announce,agency_pos,power_theme
appeal,agency_neg,power_theme
ask,agency_pos,power_theme
attend,agency_equal,power_theme
await,agency_neg,power_theme
become,agency_pos,power_theme
call,agency_pos,power_theme
concede,agency_pos,power_theme
contribute,agency_pos,power_theme
explain,agency_pos,power_theme
fan,agency_pos,power_theme
fear,agency_neg,power_theme
guard,agency_pos,power_theme
hear,agency_neg,power_theme
listen,agency_pos,power_theme
note,agency_equal,power_theme
owe,agency_neg,power_theme
prefer,agency_neg,power_theme
receive,agency_neg,power_theme
recognize,agency_equal,power_theme
respond,agency_pos,power_theme
suffer,agency_neg,power_theme
thank,agency_pos,power_theme
trace,agency_pos,power_theme
trust,agency_neg,power_theme
witness,agency_neg,power_theme
